Language_ID	MonthlyMeanNetPrimaryProduction	NetPrimaryProductionPredictability
aari1239	1.868008893	0.468059216
abip1241	1.0713475375000001	0.428877749
abkh1244	2.2182366885	0.5177772924999999
abro1238	1.495133399	0.510984934
abui1241	3.058318408	0.433594487
abur1243	2.312129447	0.456098782
ache1246	2.147603855	0.359604093
achu1247	0.857196455	0.63244797975
acol1236	1.3694228585000001	0.44013579199999997
adam1253	1.571566159	0.453174655
adan1247	0.878261642	0.613404836
adze1240	3.491928113	0.379124219
afar1241	0.076132463	0.732225544
afri1274	1.492440711	0.443317177
agta1234	3.521992879	0.36635961
agus1235	3.144219368	0.442930255
aimo1244	3.018242503	0.404985522
ainu1240	1.4499387556666667	0.6521468326666666
ajie1238	3.6077798420000002	0.4444552735
ajyi1238	3.063330657	0.368095553
akab1249	3.237722144666667	0.408769218
akan1250	2.1912194292500002	0.46220373
akha1245	3.967039279	0.395840302
akka1240	0.009853771999999998	0.6966485979999999
akla1240	1.937740535	0.494566769
akur1238	3.532670021	0.4058727
aleu1260	0.6790720556666667	0.6915309546666667
alge1239	0.0555875715	0.8638622365
alla1248	2.527160679	0.4395947
alse1251	3.147721096666667	0.5589247046666667
alur1250	2.222198572	0.35817649
alya1239	0.134566453	0.619812135
amah1246	3.1830943605	0.3792509705
amas1236	0.250609205	0.587464951
amba1263	3.423693799	0.385228889
ambo1250	3.44395618	0.388978784
ambu1247	2.955965909	0.472544366
amha1245	1.324365942	0.577928935
amis1246	2.851315464	0.410525436
anci1244	0.5329952305000001	0.689662011
anfi1235	2.799431818	0.429083463
anga1288	3.122943429	0.429391803
anin1240	1.426607551	0.5077683875
anta1253	0.373165761	0.704522072
anua1242	1.306253454	0.437537843
anyi1245	2.422739625	0.448805928
aona1235	1.522894022	0.504140413
apin1244	1.584608704	0.454064921
arap1274	0.579739995	0.6836179025
araw1276	3.340841156	0.422396866
arbo1245	0.805570652	0.55211772
arik1262	0.631663785	0.666919307
ariz1237	0.216711957	0.839770755
ashe1269	-0.175666739	0.808142633
asho1236	2.033372447	0.433962869
assi1247	0.60814291	0.7257078770000001
asut1235	1.499845603	0.555428769
atay1247	3.1351714325	0.4300663135
atsa1241	1.113444911	0.517794527
atsu1245	1.2318283813333333	0.56131759
atti1239	2.644114377	0.436044232
avik1243	3.019786005	0.427268938
awet1244	2.531153314	0.411147241
ayab1239	1.901818799	0.442693748
baca1246	0.658702866	0.525053389
bafi1243	2.490260623	0.469918156
bafu1246	2.408862401	0.479795718
bagi1246	0.240144708	0.541159439
bain1259	1.191410171	0.488565187
baka1272	3.496105654	0.33757418
baka1277	1.249738537	0.40092437399999997
bakh1245	0.072103508	0.771878802
bako1249	2.589741848	0.46917848
bakw1243	2.720175601	0.395066458
bala1301	1.191410171	0.488565187
bali1274	3.153985715	0.350486291
bali1278	3.5994193865	0.3838973315
bamb1269	0.18202422499999998	0.567180037
bamu1253	2.935227273	0.464000981
bana1292	3.94242836	0.404746102
band1352	3.170806571	0.418109634
bank1259	-0.197669327	0.724353625
baou1238	1.383887105	0.494193931
bara1361	2.127172702	0.339388705
bari1284	1.2015605765	0.390945181
basa1282	1.117101525	0.5187625055
bash1264	0.937112262	0.681659817
bask1236	1.868008893	0.468059216
basq1248	2.091517603	0.514027872
bass1258	0.959820835	0.552150264
bata1285	2.555008646	0.466994029
bata1289	3.735326087	0.428179113
bata1301	3.678723736	0.355533284
bata1314	0.713379807	0.477300014
beav1236	1.364677001	0.6966540035
beja1238	-0.051087471	0.82099151925
bela1254	1.627081275	0.619553732
bell1243	0.905982893	0.6895911805
bemb1257	2.295699090333333	0.4229315083333333
bena1260	0.658702866	0.525053389
bena1262	2.451945405	0.410180016
bend1258	1.777890316	0.437256922
beng1280	1.08892663	0.535323055
bera1259	3.423693799	0.385228889
bero1242	1.113444911	0.517794527
bhil1251	0.537530879	0.606024601
bhoj1244	0.734288252	0.549504085
biaf1240	1.238274027	0.461922531
bidy1244	2.065747791	0.464720749
bila1255	3.61944642675	0.325197224
bili1260	0.20630607899999998	0.6472321329999999
bini1246	1.517755682	0.501692212
birh1242	1.237554694	0.486102727
biss1248	0.234358016	0.593254708
bita1251	2.067706275	0.479378465
bogh1241	0.843311512	0.47766994
boky1238	2.697381423	0.442515915
bola1250	3.04311457	0.429021877
bomw1238	3.113387079	0.28394071
bong1285	0.575495804	0.45367049
bong1287	3.359804739	0.441636071
bora1271	1.864315711	0.51517874
bord1248	2.5056659885	0.427662527
bori1243	1.81964396	0.485574876
boro1282	1.247056528	0.396600062
boto1242	2.271201828	0.410700357
boun1243	2.623666008	0.433770952
brib1243	3.1613692975	0.43221476
bube1242	1.964553202	0.465603505
budu1250	3.48591758	0.326292011
budu1265	-0.100795901	0.604774831
budz1238	2.560903752	0.344507531
buga1250	3.735939559	0.422783788
buki1249	3.482843379	0.42734752
buku1249	2.609337945	0.40963517
bulg1262	1.44872461	0.531639168
buli1254	0.596613174	0.473707869
bunu1267	3.363024951	0.422115945
bura1267	1.421119483	0.46516400066666663
bura1292	0.658702866	0.525053389
burj1242	1.033244812	0.560759595
buru1296	0.029425024499999997	0.937700753
bush1247	2.540780127	0.366404025
buyu1239	1.512769147	0.335064393
bwaa1238	2.866214265	0.338659276
bwai1242	3.147404442	0.408991832
cadd1256	2.311365982	0.42482586
cahu1264	0.3393973444	0.6919380852
calu1239	2.095093256	0.523359533
came1252	2.179069911	0.45792373
cane1242	1.3945177365	0.4201313295
carn1240	3.0794643959999997	0.401126713
caro1242	3.697844615	0.429806143
carr1249	1.4769778285	0.66217940325
casi1235	3.521992879	0.36635961
cata1286	1.671196045	0.515987337
ceba1235	1.083650686	0.462556382
cebu1242	1.642635797	0.499251345
cent1972	0.1335687525	0.722110183
cent1989	1.067730978	0.549477427
cent2004	2.421689723	0.4629603
cent2050	0.160696679	0.566997745
cent2084	2.199944417	0.465189165
cent2089	3.032379673	0.452092471
cent2100	3.739815958	0.360580276
cent2126	2.513990963	0.470993005
cent2127	0.47641582275	0.77841393675
cent2128	0.29302311400000003	0.8299164845
cent2131	0.978674654	0.645287866
cent2132	1.749252717	0.556842114
cent2136	1.94921875	0.6450148535
cent2140	1.636688993	0.513566554
cent2142	2.4520792289999997	0.49404505899999995
cent2150	2.974944417	0.44463878
cent2194	0.621121542	0.64968982
cent2292	2.79933918	0.404331762
chac1249	2.325741107	0.423676967
chac1251	2.136411518	0.37091368
chad1249	0.078494107	0.5779527035
chak1266	2.894911067	0.40011345
cham1312	3.697844615	0.429806143
cham1315	0.942764438	0.351526973
chec1245	1.192334177	0.600589239
chen1255	0.987649977	0.532397004
chen1266	0.184331769	0.832972212
cher1273	2.607849555	0.510400095
chey1247	0.4558825345	0.689124692
chha1249	0.804545466	0.532121668
chib1270	1.677272727	0.499850268
chic1270	2.221642632	0.511803192
chic1272	2.045361907	0.474331473
chig1238	2.283417737	0.471595601
chil1280	1.2726387513333333	0.6651340023333333
chim1301	1.980961331	0.4597372256666667
chin1286	2.9384490283333333	0.5570454836666667
chip1241	1.3149435936666667	0.660275453
chip1261	0.7865952325000001	0.7524719440000001
chiq1248	1.156417223	0.349685029
chit1248	1.165266798	0.60342581
choc1276	1.90370342	0.480525147
chok1245	1.792207572	0.369831496
chon1248	2.066298172	0.502628567
chop1243	2.044803504	0.5128820015
chor1273	2.891427866	0.443450596
chuk1273	0.300284091	0.8568384765
chuu1238	2.133929307	0.477872279
chuv1255	1.12642663	0.707045369
cind1241	0.932649396	0.479935886
clal1241	2.140676466	0.543767927
clas1250	2.7449851780000003	0.481309325
clel1238	0.483241288	0.497412314
coah1252	0.659662179	0.6347852565000001
coas1301	2.567101038	0.465798335
coca1259	2.325741107	0.423676967
coco1261	0.07608514	0.823141739
coeu1236	1.642710392	0.5739234163333333
cogu1240	2.517317194	0.489132855
colu1241	0.97303761125	0.6987912535
coma1245	0.534447052	0.6230173826666666
como1259	1.5581189549999999	0.607967484
coos1249	3.2113430496666666	0.5358442716666667
cree1270	1.8480838705	0.4751256055
crow1244	0.6292644515	0.680177264
cruz1243	1.7739453264999998	0.530828128
cube1242	3.362836586	0.413170853
cupe1243	0.9670512873333333	0.5719065043333333
curr1243	3.873808053	0.440245372
cusc1236	1.1167026930000001	0.5941253215
czec1258	1.38291749	0.625098008
daas1238	0.283862153	0.602760879
dagb1246	1.044040267	0.51447381700000006
dako1258	1.063358449	0.67777359
dalo1238	2.623178113	0.432062427
dann1241	1.956018404	0.4741824265
darl1243	0.34729496	0.66362288
dato1239	1.884591156	0.444399361
daur1238	0.629798666	0.737224234
daza1242	-0.051383399	1
dege1248	0.7449440053333334	0.7293141593333333
dehu1237	3.704497732	0.48293918
dera1248	0.658702866	0.525053389
dhuw1249	1.560721344	0.46427003
didi1258	1.019639328	0.514384988
dier1241	0.0416625495	0.7718608825
digo1242	1.068978508	0.670573402
digo1243	1.926815711	0.501144452
dill1242	0.446331301	0.549644838
dime1235	1.519033319	0.454698597
ding1239	2.211112692	0.357871062
dita1238	0.642738073	0.506975711
djin1252	1.593873518	0.443837518
dobu1241	2.819897833	0.395236957
dogo1295	0.690536472	0.459807175
dogr1252	0.4947165265	0.8057982605
dorz1235	3.072443182	0.426793011
doya1240	0.805796036	0.461279193
dual1243	1.80871418	0.496046297
duru1249	1.926815711	0.501144452
dutc1256	1.283998271	0.644246595
dyan1251	0.495706213	0.537684579
dyir1250	4.6522906115	0.3873280905
dyul1238	1.246658642	0.497905236
east1472	0.77828866125	0.671812786
east2304	0.058757411	0.756718451
east2328	1.192334177	0.600589239
east2333	3.541471097	0.389259706
east2379	0.16987195333333333	0.6446551543333333
east2447	2.843680521	0.457272882
east2534	0.1457088368181818	0.894291338
east2542	1.6658276829999998	
east2544	2.1797677865000002	0.5708087035
east2545	2.0164991664	0.46661914320000003
east2555	1.01828841	0.396925398
east2563	1.392153533	0.570759978
east2690	0.09031003	0.841110392
ebir1243	1.235160313	0.510166501
efee1239	3.258659931	0.315958607
efik1245	1.525819428	0.493745598
egyp1246	0.566205534	0.574633806
egyp1253	0.032171237	0.649870217
ejag1239	1.844324358	0.490478964
ejam1238	0.802108735	0.52208252
ekar1243	3.428137352	0.424283224
eloy1241	0.999042737	0.52735851
enap1235	4.692212204	0.413131562
enga1252	4.172943429	0.356053625
erzy1239	0.603069417	0.738908253
esto1258	1.540408844	0.632358169
etky1238	2.339605978	0.450462529
even1259	0.617718626	0.763793009
ewee1241	1.006115999	0.501582369
eyak1241	0.634848243	0.7145713386666667
fang1246	2.053884634	0.478991543
fare1241	0.5585550883333333	0.5254707356666667
fefe1239	2.850524951	0.41574735
fiji1243	3.7253334983333333	0.41972787566666664
fipa1238	2.19343014	0.450901375
flin1247	2.048048419	0.470263576
foii1241	3.918966156	0.365866688
fonn1241	1.562898345	0.488175966
fore1270	4.190964674	0.341538989
furr1244	0.074885746	0.6527066575
fuyu1242	3.528186759	0.406348627
gaaa1244	0.878261642	0.613404836
gaam1241	1.000784338	0.49696619400000003
gaga1249	1.484940645	0.554098434
gaga1251	1.01736599	0.478251692
gagu1242	2.585554595	0.437646756
gali1261	2.354588686	0.495518446
gali1262	3.023231637	0.47873111199999996
gami1243	0.341501976	0.629667461
gana1278	3.654434289	0.48635623
gand1255	3.875339405	0.384686341
gari1256	3.692946011	0.39120765
garo1247	2.811133159	0.427895279
gbar1246	0.843311512	0.47766994
gbir1241	1.206845571	0.483343274
gede1246	3.072443182	0.426793011
gheg1238	1.377686512	0.613584293
gilb1244	1.5761693016666667	0.5755497016666666
gily1242	0.982396657	0.7146207976666668
giry1241	1.559578032	0.569894393
gitx1241	0.835449605	0.73206137
gogo1263	2.084955534	0.486003476
gola1255	2.719120553	0.432209929
goro1270	1.316440217	0.533791603
gour1243	0.406969358	0.532812508
gras1249	4.236771245	0.389738544
gros1243	0.4395936266666667	0.7240471186666667
guah1255	1.2192255435	0.5337408145
guai1237	0.551209702	0.674271373
guan1277	1.202206336	0.587294628
guat1253	1.114051905	0.37254845400000003
gude1246	0.713379807	0.477300014
guja1252	0.664845574	0.575745735
gunw1252	1.417039279	0.466212851
guro1248	2.585554595	0.437646756
gusi1247	2.586203063	0.39928477
gwic1235	0.5653841399999999	0.7907887835
gwii1239	0.501730055	0.525287569
haaa1252	1.834171934	0.383103111
hadz1240	1.6543076343333334	0.5292409693333333
haio1238	0.33195405100000003	0.589997955
hais1244	0.7707839263333334	0.6903552503333333
hait1244	1.8326404754999999	0.5194678964999999
halh1238	0.1549564085	0.876327828
halk1245	1.9595442171428572	0.5565572578571428
hame1242	0.9014477359999999	0.528729738
hann1241	0.858689476	0.742106553
hanu1241	2.529588686	0.410005096
hass1238	-0.05800032133333334	0.9209298915
haus1257	0.4349214248	0.5650714302
hava1248	0.4083170085	0.702507828
hawa1245	1.341704237	0.522654025
haya1250	1.355175395	
haza1239	0.201031374	0.861509375
hehe1240	2.722770504	0.477583848
heil1246	1.3061712575	0.60391786125
here1253	0.430595356	0.6255654
hida1246	0.761196887	0.678529899
high1242	2.544960474	0.423851888
high1276	2.010623302	0.48004072249999996
hlai1239	3.05680583	0.388108602
hoch1243	1.30563594	0.642765404
holi1241	0.79854249	0.734343073
holo1240	1.402373319	0.354971441
hooo1248	1.385804377	0.462679378
hopi1249	0.2333467145	0.819079829
horn1235	1.443274457	0.49443335
hozo1236	2.619197752	0.43052844300000004
huaa1248	0.401327816	0.573753201
huas1242	1.872548172	0.485986479
huau1238	3.920096344	0.42882996
huic1243	2.0591928115	0.47816022
hund1239	4.275799403	0.347281243
hung1274	0.982658103	0.602129053
hupa1239	2.2288259213333337	0.453685856
hwan1240	0.713379807	0.477300014
iatm1242	2.925704051	0.453236241
iban1264	3.202297247	0.3703725885
ibib1240	1.525819428	0.493745598
icel1247	0.24652915	0.854088403
idak1243	4.386067194	0.416866613
idom1241	0.997751976	0.558119302
ifee1241	2.291273468	0.452893733
igal1242	1.206515563	0.561693516
igut1238	1.113444911	0.517794527
ilaa1246	1.559387352	0.463860813
indu1241	1.356836709	0.631001463
ingr1248	1.664661561	0.651833705
iowa1245	1.2189346335	0.6048590945
iraq1241	2.061338933	0.483134185
iris1253	1.73584469	0.5889409735
isek1239	1.468502964	0.508899149
isla1278	4.17800071	0.404465181
isok1239	1.71906497	0.496926141
isth1238	3.429841897	0.409618174
itel1242	0.52253582	0.807819206
iyow1239	0.530088096	0.423368627
jara1245	3.041077384	0.406974968
jaru1254	0.187913785	0.569591939
java1254	2.8018589425	0.4405472195
jeme1245	0.96295084	0.639419466
jena1242	0.057006309	0.61380218
jenn1240	2.47543143	0.438738982
jibu1239	1.660229331	0.446700059
jica1244	0.869796813	0.665683062
juho1239	0.5345034073333333	0.5007862276666667
juku1254	1.280291451	0.489756283
juxt1235	2.125889328	0.526824085
kaba1278	1.472171443	0.639345482
kabi1261	1.151461373	0.446207137
kaby1243	0.279464139	0.771748736
kach1279	3.034725269	0.415370089
kach1280	3.605836215	0.391700572
kada1242	2.734022974	0.41999308
kada1284	1.206845571	0.483343274
kadi1248	1.193121332	0.362984063
kafa1242	3.5027729745	0.4020821455
kagu1239	2.353977273	0.460203759
kakw1240	1.551987928	0.359498093
kala1377	2.479753376	0.429322882
kala1381	1.482939106	0.481080241
kala1399	0.147476561	0.8604100765
kali1308	1.3256772893333333	0.6308001923333333
kalm1243	0.286104249	0.721012834
kama1373	2.531153314	0.411147241
kamb1297	1.319126729	0.561176848
kamb1299	2.855713856	0.43207651
kamo1255	3.08791996	0.457163969
kane1243	-0.106772036	0.615860722
kaon1241	2.182547973	0.410005096
kapi1249		
kaqc1270	1.91461833	0.480569561
kara1289	1.479727643	0.547845098
kara1464	1.250599061	0.664804655
kara1476	0.397186882	0.540249028
kara1481	1.547690581	
kara1483	1.2857367835	0.521333878
kara1500	1.093409538	0.431729581
karb1241	3.122943429	0.429391803
kare1348	0.152850892	0.617951396
kari1304	-0.0045392785000000005	0.6385435749999999
karo1304	1.9438656466666666	0.48624309033333335
karr1236	0.012672925	0.715962754
kase1253	0.488030261	0.515679172
kash1277	1.565513834	0.655160626
kash1280	2.227877964	0.467713796
kask1239	0.8514822136666667	0.7647406296666667
kati1270	0.182670455	0.858605568
kato1244	2.124674628	0.474142293
kaur1267	0.952044219	0.585065526
kawa1283	0.29498157566666666	0.7358539226666667
kaya1319	1.249496427	0.510457259
kaya1330	3.079373702	0.367708631
kaza1248	0.292295578	0.8073433919999999
keii1239	2.77768857	0.392220913
keiy1238	3.046226532	0.385359395
kele1255	2.550099893	0.323367884
kens1248	3.6642971836666667	0.36674775600000004
kenu1236	-0.07034852600000001	0.898589131
keny1279	2.697381423	0.442515915
kere1283	1.217280138	0.527139174
kett1243	1.168008893	0.725041552
khan1273	0.379304595	0.82346044
khas1269	2.782334383	0.467709374
kich1262	3.388741354	0.434263874
kick1244	1.280860919	0.62968224800000006
kiku1240	2.1485733695	0.48780386000000003
kili1267	2.4036784285	0.46337830700000004
kili1268	0.13851078733333333	0.7992780416666667
kima1246	3.0299376235	0.38622736700000004
kimb1241	1.74385499	0.494302844
kimm1245	1.733430089	0.43190159
kiny1244	2.22156003	0.463850566
kiow1264	0.814497363	0.556355941
kiow1266	0.70944421	0.6021327894999999
kips1239	1.592026927	0.481723578
kita1249	0.879325148	0.506845204
kitj1240	0.310029644	0.586514723
klam1254	1.1599996474285714	0.6184946354285714
klao1243	2.232109572	0.435938231
koal1240	0.457440145	0.550047307
koda1255	2.996677372	0.409618174
kodi1247	2.9286596559999998	0.399883692
koit1244	4.148616601	0.43666766
komc1235	2.408862401	0.479795718
komo1258	2.799431818	0.429083463
komo1260	3.472105408	0.335345315
konk1269	0.770233303	0.504712678
kons1243	1.664500988	0.4742406375
konz1239	2.190254447	0.492749331
koon1244	1.996621789	0.454752673
kooo1244	0.373597809	0.559384445
koor1239	3.072443182	0.426793011
kore1280	0.8463640265	0.70152583
koro1310	2.984272069	0.45737597
kory1246	0.670318395	0.780149589
kosr1238	3.159847456	0.419325236
koya1251	0.736603576	0.539472271
koyr1242	-0.3354754045	0.7478317245
koyu1237	0.722807559	0.778259758
kren1239	1.8845726286666666	0.481181796
kron1241	0.406343721	0.471849104
kuaa1238	0.522270257	0.52519123
kubu1239	3.4412178855	0.4604012675
kuii1252	1.892987063	0.427480938
kuik1246	2.041055135	0.385783397
kuku1273	3.480160768	0.376761935
kuku1285	1.500783309	0.406868967
kumi1248	0.5399415264285714	0.6415980018571429
kumy1244	1.287197381	0.571612442
kuna1268	0.377383893	0.587658667
kund1255	1.63201581	0.461382281
kups1238	2.609337945	0.40963517
kura1249	1.113444911	0.517794527
kura1250	2.540359437	0.439115861
kuru1301	1.273243396	0.472834949
kusa1250	0.457587852	0.550897345
kusu1252	2.346370852	0.363479897
kute1249	1.36284276175	0.6465582675
kwai1243	3.172842556	0.429717139
kwak1269	1.960662727	0.554363457
kwas1243	2.644225543	0.458803574
kwer1261	1.995259334	0.518438625
kwom1262	3.1999228015	0.419698449
kxoe1243	1.185918317	0.441848072
laca1243	5.146961462	0.446004797
lagw1237	0.034368089	0.559800409
laka1254	0.567723424	0.466452095
lake1258	2.3731931665	0.49390916
lako1247	0.600219244	0.6617303795
lala1264	1.603378211	0.451767135
lama1277	3.448302357	0.40819057
lamb1271	2.046918388	0.436431154
lame1256	3.8153810525000003	0.4080364005
lame1260	3.676328257	0.414278244
lamn1239	2.935227273	0.464000981
lang1320	1.683757411	0.529594885
lang1324	1.839037796	0.383862871
lara1258	1.092212204	0.464131487
lard1243	1.439424819	0.50161363
lati1261	1.743633099	0.514409788
latv1249	1.61430336	0.622159797
laua1243	3.900825511	0.442491409
lega1249	4.405734716	0.388495523
lele1265	2.514212126	0.3625653
lele1270	3.088425869	0.383756871
lenc1242	2.590501482	0.502079134
lend1245	3.583383329	0.3713651
lepc1244	1.5746109185	0.5915583355
lese1243	3.761812496	0.310778196
libe1247	2.89979002	0.446764558
liby1240	-0.051383399	1
lill1248	1.1327672103333333	0.6511694016666667
limb1268	2.935227273	0.464000981
ling1263	2.667417839	0.305063361
lipa1241	0.9148283103333333	0.5967439726666667
lith1251	1.375012352	0.646502879
livv1243	1.147943429	0.704106982
livv1244	1.375401433	0.647350344
lobi1245	1.012839281	0.481573163
logo1259	2.545679451	0.331205585
loka1252	1.844324358	0.490478964
lomb1254	3.949887648	0.341193569
long1389	0.658702866	0.525053389
long1395	3.728724061	0.393049593
loth1237	1.522894022	0.504140413
lowe1427	2.823906868	0.552993728
lowe1436	0.059832016	0.735553
lozi1239	1.2097313455	0.449581228
luba1249	1.151067458	0.392933171
luba1250	1.5642769644999999	0.3833991985
lubu1243	3.480070405	0.387869182
luch1239	1.94566462	0.404930685
lugb1240	1.766211083	0.335584734
lugu1238	1.716566823	0.5028548134999999
luim1238	2.389392224	0.380674819
luis1253	1.1528080606666666	0.5427912356666666
lund1266	2.154989824	0.410207435
luok1236	2.323523962	0.488612514
luse1252	2.584560608	0.345130959
lush1249	2.894911067	0.40011345
luva1239	0.849804063	0.459190496
luwo1239	0.482482119	0.450795374
maba1273	1.564235425	0.45105179
macu1259	3.410888093	0.385359395
madi1260	1.500783309	0.406868967
mafa1239	0.228110882	0.548298904
maha1287	1.021842718	0.459334162
mail1248	3.7971402	0.374358148
mait1250	0.945538292	0.568844753
maka1311	3.128631423	0.449202511
maka1318	2.991806653	0.564010523
makh1264	1.921140069	0.499288425
mako1251	2.098636672	0.474420302
mala1464	2.737117095	0.419509819
mala1468	2.722091156	0.426080754
mala1479	3.553631166	0.377388276
male1284	1.868008893	0.468059216
mama1271	0.398349195	0.529604546
mamb1296	0.735648775	0.459676669
mamm1241	3.866687253	0.443450596
mamp1244	0.699604743	0.545053863
mamv1243	3.424296347	0.308093488
mana1295	3.296832892	0.421729023
manc1252	0.767520998	0.7310271875000001
mand1415	0.810153162	0.630519887
mand1425	0.757147416	0.426186754
mand1446	0.761196887	0.678529899
mang1394	3.096343961	0.3146162535
mang1401	1.998703063	0.589878399
mans1258	1.075426136	0.721442833
manz1243	0.923401826	0.405345025
maor1246	3.5593842635	0.5655778545000001
mapu1245	1.7396387875000001	0.61987367
maqu1238	4.331954051	0.42009908
mara1382	3.8444416995	0.37614042400000003
marg1265	0.516247267	0.52716368
mari1414	1.4240614045	0.4148241665
mari1440	0.087568091	0.7100126055
mars1254		
mart1256	-0.02145504	0.72271331
masa1299	2.604230484	0.508129727
masa1300	1.0699085165	0.550016132
masa1322	0.31007909499999997	0.5435501225
masi1268	1.496133893	0.49060196
matt1238	3.0657626043333335	0.45457361933333335
mbal1257	1.662311053	0.354557101
mban1263	2.613941737	0.350876126
mbes1238	2.627921385	0.377730608
mbug1242	1.316440217	0.533791603
mbul1258	1.218109251	0.581026147
mbum1254	1.902367081	0.438923944
mbya1239	2.5184772315	0.35415647
meen1242	0.271757658	0.623636601
meke1243	4.148616601	0.43666766
mend1266	2.91627038	0.4133706015
meno1252	2.047838439	0.606133339
ment1249	3.398313982	0.388283522
meri1244	2.48937747	0.475793829
meru1245	4.386067194	0.416866613
mesc1238	0.4402475087142857	0.6608237422857143
mesk1242	0.843787055	0.725115947
meso1252	-0.042810222	0.719076016
meta1238	2.408862401	0.479795718
mezq1235	1.543045949	0.553062063
miam1252	1.148795702	0.643344458
midd1357	4.047208498	0.448648003
midg1235	2.896269763	0.401496464
mido1240	-0.097625371	0.77669706
mika1239	1.833498024	0.520842412
mikm1235	1.851380031	0.585335837
mina1268	3.6461091900000002	0.413237563
minn1241	2.556015316	0.428871462
misk1235	2.447353631	0.466062348
miya1259	2.043570899	0.487483003
mlab1235	2.508331275	0.422221945
mmen1238	2.339605978	0.450462529
moba1244	0.642738073	0.506975711
moch1256	2.228711709	0.538695515
mode1248	1.45542388	0.463402058
mogh1245	0.184189723	0.808506594
moha1256	0.1434337265	0.7519814135
moke1242	2.328032362	0.453492656
mokp1239	1.711623024	0.501489334
moli1248	2.819897833	0.395236957
momj1237	0.805796036	0.461279193
mong1338	2.619097941	0.32725338000000004
mono1275	0.5505733651818182	0.733676802
mont1268	1.2415019760000001	0.6980579413333333
moro1285	0.418187035	0.551410588
moro1292	0.8554563985	0.6084264695
mort1237		
moru1253	1.230032161	0.397161905
moss1236	0.200320188	0.5856931485
mota1237	2.85492836	0.441194312
motu1246	4.148616601	0.43666766
mpuo1241	1.304203745	0.382126928
mudu1242	2.52735919	0.40746789
mukh1238	1.892987063	0.427480938
mull1237	1.038480562	0.439937207
mund1320	1.385804377	0.462679378
mund1325	0.398673903	0.52818719
mund1330	3.5379019475	0.3850117645
mung1266	2.408862401	0.479795718
muon1246	2.144960474	0.421913605
murr1258	1.05642195	0.448233663
muru1274	3.285520627	0.431542086
musg1254	0.183668956	0.521722256
mwer1247	2.122758152	0.48249084800000003
myen1241	2.198684536	0.436325153
najd1235	-0.202383893	0.778021637
naka1262	3.370991848	0.427288846
nama1264	0.207096097	0.7511822819999999
namb1293	2.281126482	0.44338901
nana1257	0.697992836	0.75285651
nand1266	4.386067194	0.416866613
nara1262	0.216273468	0.67932419
naro1249	0.507495045	0.514734449
narr1259	1.167042367	0.559218657
nask1242	0.4487246785	0.801228863
natc1249	2.450503951	0.4269363845
natu1246	3.551917173	0.421489604
naur1243	1.576581028	0.562532619
nava1243	0.35316617233333336	0.7734864256666667
ndas1238	3.530953557	0.403749835
ndau1241	1.818997036	0.437537843
ndon1254	0.773354261	0.503055317
ndoo1241	2.067706275	0.479378465
ndyu1242	3.817236907	0.371153099
neap1235	1.975386742	0.498963089
nege1240	3.372356719	0.398016167
negi1245	1.184381176	0.71401656
nene1249	0.380020998	0.8289173814999999
nezp1238	0.944266716	0.665988939
ngaa1240	0.100271739	0.691996882
ngab1239	1.896053607	0.486760323
ngad1258	2.707787796	0.479788208
ngal1298	2.749333004	0.39928477
ngan1291	0.1887506175	0.860895145
ngan1302	2.617941675	0.372947541
ngas1240	0.935597826	0.52519123
ngba1284	2.666728018	0.322714125
ngil1242	0.418187035	0.551410588
ngiz1242	0.084008454	0.622676201
ngom1268	2.467654842	0.3336638275
ngul1246	1.86014081	0.468068878
nige1253	-0.014807456666666672	0.627129116
nina1238	4.143083004	0.386908919
nise1244	1.81913233	0.4668530556
niue1239	3.31344697	0.490831132
njye1238	3.53398386	0.395384459
nkhu1238	1.491396986	0.451113376
nort1550	1.094880188	0.6601370795
nort2646	0.5984000585	0.6990905384999999
nort2671	0.522822999	0.7964731835000001
nort2690	0.121387105	0.742883883
nort2745	0.459638505	0.8247865466666667
nort2765	2.983905632	0.429778724
nort2774	2.476427639	0.322997958
nort2775	1.433207733	0.388714859
nort2795	1.4636795950000001	0.506174449
nort2819	0.118517117	0.55153947
nort2839	3.054345019	0.444508274
nort2845	3.217540555	0.436386739
nort2877	2.79933918	0.404331762
nort2938	1.913605043	0.552520614
nort2941	0.400129694	0.807836027
nort2942	0.578898156	0.80019244275
nort2943	0.31583773614285715	0.8454703335714285
nort2945	0.432503706	0.827647672
nort2951	1.808154258	0.439742203
nort2952	1.437457977	0.525738268
nort2954	0.3571298354761905	0.7581350697142857
nort2959	1.612876729	0.570562997
nort2961	1.5966730442857142	0.6404690595714286
nort2966	2.2726431423333335	0.465010248
nort2968	1.751361112	0.485671391
nort2971	0.9089680314999999	0.38872490049999997
nort2972	2.235986907	0.477635773
nort3139	0.835264328	0.6579926745
nort3142	1.191112895	0.581329889
nots1237	3.4757120285000003	0.377061396
ntch1242	1.282972816	0.495868463
nucl1235	0.6004199605	0.7233795925
nucl1240	1.103463699	0.481720665
nucl1301	0.654292243	0.6607373445
nucl1302	1.26786049	0.5827748055
nucl1310	0.9014513340000001	0.596425288
nucl1347	0.4256190045	0.6400438180000001
nucl1396	1.957009634	0.456335289
nucl1417	1.5397665516666668	0.523415259
nucl1595	3.810270504	0.428042781
nucl1622	2.321099926	0.422115945
nucl1643	2.5971204915	0.4859623535
nucl1649	1.0351408103333333	0.6348512153333333
nucl1695	0.377660487	0.554233075
nuer1246	0.556957728	0.469812156
nuka1242	3.460165514	0.418082216
nung1290	1.429639894	0.446066383
nupe1254	0.96587358	0.500801945
nuuc1236	2.200442348	0.535965268
nyak1260	2.322570098	
nyam1275	2.202272727	0.461841036
nyam1276	1.672529644	0.474464891
nyan1305	1.586499506	0.494371939
nyan1307	2.046016551	0.477477848
nyan1308	2.449064353	0.451355006
nyat1246	1.838741354	0.455050766
nyor1246	1.923478158	0.377535778
ojit1237	2.163753706	0.476841259
okan1243	0.9171301524285714	0.7037830392857143
okie1245	3.046226532	0.385359395
oldk1249	1.5649514085	0.461246944
omah1247	0.9910614293333333	0.6324735213333333
onaa1245	0.8562283845	0.7181443255
onge1236	3.248950099	0.409936175
onto1237		
opat1246	0.571113631	0.573765837
oriy1255	1.202972582	0.467102942
oroc1248	1.242570405	0.700405399
orok1265	1.189954103	0.697031255
orok1266	1.113444911	0.517794527
orok1267	3.108489321	0.400739792
orok1269	4.2962898345	0.4055266135
oroq1238	1.209955534	0.70150383
otor1240	0.48454722100000003	0.553615964
otta1242	1.978525783	
otuh1238	1.444460227	0.457378883
paci1278	0.5342816756666666	0.741071267
paez1247	2.368447381	0.432343348
paip1241	0.593787055	0.614306973
paiw1248	3.830089908	0.39969911
pala1344	2.870532773	0.388803863
pali1274	1.387055336	0.560523089
pali1279	3.569194664	0.431726669
pamo1252	3.648104002	0.402448316
pana1305	0.1284839735	0.8277611606249999
papa1238	3.613105237	0.411679453
pape1239	1.191410171	0.488565187
para1316	1.551656168	0.5185827535
pare1272	1.801082895	0.354399176
pari1256	0.631947288	0.459913176
park1239	0.228110882	0.548298904
patw1250	0.963760548	0.6095902916666667
pawn1254	0.792261611	0.637256184
pedi1238	1.7259541745	0.536589734
pemo1248	3.9988960595	0.3881156435
penr1237		
pent1242	2.257029773	0.531073113
peri1253	0.71048666	0.736045537
phen1239	1.280848524	0.411114698
piap1246	1.094793725	0.595575535
piar1243	3.873808053	0.440245372
picu1248	1.393972332	0.574928811
pimb1238	1.777890316	0.437256922
pint1250	0.044880188	0.655011335
pitj1243	0.20171998549999998	0.6994341215
plai1258	0.9381515565	0.7177287910000001
plat1254	3.45337435175	0.45661372475
pohn1238	2.604249012	0.431795589
poke1238	2.58867318	0.344569117
poko1261	0.689223073	0.616796852
poko1263	1.295003706	0.489280357
popt1235	3.083401525	0.40197239
poqo1253	3.388741354	0.434263874
port1278	3.3750494069999997	0.534829103
port1283	2.3609876425	0.4760054495
pota1247	1.428384387	0.650171808
psik1239	0.228110882	0.548298904
puka1242		
pula1262	1.43739998	0.464069902
pula1263	-0.093343633	0.689321897
pume1238	0.824104496	0.6010839025
puna1275	3.609884511	0.364757086
pura1257	3.93729002	0.413131562
pure1242	1.865303854	0.47103742
puru1266	3.018242503	0.404985522
puyu1239	2.851315464	0.410525436
pwow1235	2.041507397	0.436739493
qash1240	0.15906003	0.789210039
qawa1238	0.545423666	0.6484832535
qima1242	1.842364836	0.533189768
quec1382	0.041705395	0.776727004
quil1240	2.73817626	0.5569641393333333
quin1251	2.667369221	0.5393181743333333
rade1240	2.899783844	0.427015435
raka1237	1.671380929	0.586663864
rakh1245	1.494489206	0.534856791
rapa1244	2.605149662	0.479336963
raro1241	3.256268528	0.47766994
renn1242	2.588346097	0.458461066
resh1242	0.765123466	0.471365843
roma1327	0.938562253	0.634560016
rotu1241	3.842206028	0.389499125
rund1242	2.283417737	0.471595601
russ1263	0.816147802	0.715774624
russ1264	1.017409832	0.722229136
saaa1240	3.276031374	0.406348627
saaa1241	3.265189257	0.41191596
safw1238	2.090631176	0.451116288
said1239	-0.051383399	1
saka1287	1.679703271	0.350311371
saka1291	1.423776524	0.449883514
sali1253	1.6933917983333333	0.538047909
sama1240	3.584924654	0.407186969
samb1305	1.660229331	0.446700059
samb1311	1.660229331	0.446700059
samb1315	0.852408597	0.615172734
samo1305	3.570780682	0.42014921833333335
sana1295	0.194423172	0.766309795
sand1273	1.683757411	0.529594885
sang1330	1.807837204	0.514710324
sang1331	1.996613382	0.394827039
sanm1287	2.378604474	0.435479476
sans1269	0.535266288	0.511142859
sans1272	2.567903903	0.470325162
sant1410	0.8871778969999999	0.57675816
sanu1240	4.040186512	0.399980031
sapo1251	2.519046443	0.400500372
sara1340	3.6935925149999997	0.381687006
sarr1246	0.360293518	0.481141827
sars1236	0.947631546	0.719879617
sate1243	3.437362954	0.392570755
seba1251	1.721856472	0.551678874
seka1250	1.2036530385000002	0.7087827680000001
sela1259	2.903823758	0.451633716
selk1253	1.363092885	0.680241511
sema1266	3.099660326	0.41968474
sene1264	1.334486166	0.634750234
sere1260	0.120997111	0.649034612
seri1257	0.232684283	0.7225845909999999
serr1255	0.37909285066666665	0.7203811396666666
seve1240	1.213913764	0.6772395893333333
sham1280	1.919126729	0.443450596
shas1239	1.51930952	0.50950559675
shaw1249	2.230891798	0.4973158
shek1245	3.282651927	0.410700357
sher1255	1.09788167	0.590999872
sher1258	2.237955612	0.491704228
shii1238	2.865804638	0.450832454
shil1265	0.5378121805	0.499018595
shin1264	1.356836709	0.631001463
ship1254	3.215751459	0.362353299
shom1245	3.14228477	0.393984274
shon1251	1.829193429	0.509183044
shos1248	0.39059024180487806	0.7408705536585366
shua1257	3.905280385	0.367750133
shus1248	1.2811058960000001	0.678901663
shwe1236	3.218336215	0.378857381
sian1257	4.190964674	0.341538989
sich1238	1.5409307065	0.519417489
sida1246	2.474901186	0.48700999
siee1239	4.112941576	0.418151136
siks1238	0.8879920123333334	0.7008992025
simb1256	2.993831831	0.443292671
sind1272	0.256218758	0.656060116
sinh1246	3.37937253	0.413730485
sioo1240	2.931923172	0.402756656
siri1273	2.2560992693333333	0.3762524796666667
sius1254	3.107293725	0.544998488
siwa1245	3.2316691884999997	0.41752258350000004
siwi1239	-0.051383399	1
siwu1238	1.446927629	0.5296393
soga1242	3.044262599	0.394758118
soma1255	0.338451087	0.7559832390000001
sond1250	1.534780026	0.368095553
song1299	1.662311053	0.354557101
song1300	1.843241866	0.374049808
song1303	1.063007892	0.388670444
soni1259	-0.188552389	0.661274695
sout1439	2.566205534	0.518154792
sout1528	1.648709239	0.515987512
sout2732	3.122943429	0.429391803
sout2782	0.398673903	0.52818719
sout2789	0.495706213	0.537684579
sout2790	0.6852288165	0.51117464
sout2795	0.297843064	0.569921812
sout2807	1.495775692	0.635461104
sout2832	0.434783435	0.526029572
sout2844	0.125928442	0.588849589
sout2857	4.160881917	0.401725636
sout2869	3.723134881	0.429611138
sout2918	2.7709318534999996	0.429479263
sout2940	2.690544713	0.423129208
sout2949	2.444190547	0.45644128899999997
sout2956	1.780088933	0.541087431
sout2958	0.8749289775	0.7191082355
sout2959	1.066981637	0.747319195
sout2961	0.333442441	0.746980137
sout2965	2.1464550393333335	0.5501967083333333
sout2978	1.2224691208	0.6856454112
sout2984	2.397489501	0.46675606550000004
sout2985	1.589200804	0.507890308
sout2994	2.91350959	0.3532354976666667
sout3051	0.398673903	0.52818719
sout3123	0.21709795	0.817130848
squa1248	1.233407444	0.6345145266666667
stan1288	1.423998991	0.559410574
stan1290	1.619299654	0.644040419
stan1293	2.5753211460000003	0.512718047
stra1244	2.308844532	0.517847845
suau1242	3.483443002	0.382541268
suda1236	0.009914301499999986	0.6472358505
suku1259	1.632712584	0.376306092
suku1261	1.381614377	0.518024285
sumb1240	1.721955287	0.463090806
sumb1241	4.187493824	0.394758118
sumi1235	3.339760375	0.413449564
suri1267	1.170083992	0.467603374
susu1250	-0.147485373	0.695447961
svan1243	1.379841897	0.663791716
swah1253	2.5212693215	0.4904341685
swam1239	0.751732337	0.7629340920000001
swat1243	2.201692194	0.512375458
tach1249	0.457398715	0.714500034
tach1250	0.1536059475	0.7952449015
tagb1258	3.678723736	0.355533284
taha1241	-0.051383399	1
tahi1242	3.952522851	0.467623283
tahl1239	0.5097671690000001	0.7767044085
tain1254	1.758403069	0.481052822
tait1250	1.926815711	0.501144452
take1257	1.9159399705	0.522947813
tama1331	0.19991083	0.567350614
tama1365	-0.20374092766666665	0.8656192956666666
tami1289	1.302982955	0.49333417
tana1289	0.564441631	0.7882044335
tand1256	1.568801782	0.509009572
tang1348	2.876080781	0.394891537
tapi1254	1.457498971	0.417695294
tari1263	0.4675981965	0.716349169
taro1263	0.844950539	0.499073512
tata1255	1.198328299	0.670216811
tawa1286	1.195016057	0.504438505
taya1257	-0.175666739	0.808142633
teda1241	-0.0843986745	0.8579084509999999
tehu1242	0.3185688406666667	0.836654311
teke1278	1.853767292	0.49447794
telu1262	0.902149209	0.538287924
temb1276	2.292094862	0.446285719
temi1247	1.154001976	0.559872242
temm1241	0.642738073	0.506975711
teni1238	0.7333003956666666	0.7175723193333333
tera1251	0.591322875	0.554977349
tere1279	1.149738209	0.354529682
term1237	2.365925854	0.479706713
tesa1236	2.868538476	0.441019391
teso1249	1.598838933	0.497980906
tete1250	1.841580441	0.348708846
tetu1245	2.956274704	0.437989263
tewa1260	1.0142385126666666	0.6432365431666667
thad1238	3.018242503	0.404985522
thai1261	1.2770496235	0.496429551
thom1243	1.4250308793333333	0.64816315
tibe1272	0.334739377	0.769165762
ticu1245	3.194657084	0.40155805
tiey1235	0.080093563	0.598702705
tigo1236	-0.051383399	1
tigr1270	0.1028734725	0.763411704
tigr1271	0.932404891	0.628504486
tika1246	2.5677065685000002	0.46712378050000003
tiko1237	1.874413291	0.50831431
till1254	3.1052062743333333	0.5653693866666666
timn1235	2.856842885	0.420126499
timu1245	1.80836833	0.537129896
tinp1237	2.925366307	0.427162937
tira1254	0.418187035	0.551410588
tita1241	3.088425869	0.383756871
tivv1240	1.1187469125	0.5432630015
tiwi1244	1.9978514276666666	0.44954960033333335
tlin1245	0.8248625865	0.680708324
toba1269	1.138992421	0.409236377
tobe1252	3.835412092	0.3819471765
toda1252	2.425268651	0.42664038550000005
toho1245	0.2756346602	0.6787881729999999
toke1240		
toll1241	3.239025445	0.424478229
tolo1259	2.8162535255	0.45089278875
toma1245	0.879325148	0.506845204
tong1318	1.265130929	0.499939097
tong1321	2.19416996	
tong1325	2.923310894	0.472564274
tong1329	0.878197323	0.619000745
toor1238	4.106268528	0.381634006
topo1242	0.366517416	0.549221011
tour1242	2.233071887	0.462142041
trum1247	2.479753682	0.38502803649999995
tsam1247	0.805570652	0.55211772
tsog1243	3.526914526	0.423023207
tson1249	1.5014358945000001	0.492072609
tswa1253	0.893583251	0.515985888
tuam1242	1.356256176	0.672315056
tuba1278	0.508012187	0.711749358
tuca1252	3.288290514	0.410878191
tule1245	1.1375096143333334	0.552676928
tuli1249	0.250609205	0.587464951
tumb1250	2.19416996	
tumu1242	0.950251958	0.461806283
tumz1238	-0.034484622	0.834051234
tune1261	2.6358757415	0.4491223855
tuni1259	0.40618937633333335	0.7340755106666667
tunu1234	0.0042361725	0.940868842
tupi1273	3.0395534834999998	0.4464017615
tupu1244	0.356415156	0.521026819
turk1304	0.041545562	0.74014415
turk1308	0.116193182	0.766652352
tutu1242	3.16843726	0.4902906533333333
tuva1244		
tuwa1243	2.79933918	0.404331762
twan1247	2.33447535825	0.55619737775
tyap1238	1.206845571	0.483343274
tzel1254	5.146961462	0.446004797
udih1248	1.890149457	0.658173434
udmu1245	1.1419682555000001	0.7078250484999999
ukra1253	1.2231225295000001	0.6324427859999999
ulch1241	1.009370625	0.719421581
ulit1238		
umat1237	0.7378087946666667	0.7261603830000001
umbu1257	2.2502038045	0.464697699
umbu1258	4.172943429	0.356053625
umot1240	1.292256081	0.367814632
unam1242	2.088451087	0.553489948
uppe1437	0.8885962205	0.7227278695
uruu1244	0.959146492	0.619193303
utes1238	0.44839619710714285	0.7277595249285714
vagh1249	3.240431783	0.411501619
vagl1239	1.55352	0.496970555
vaii1241	2.521313319	0.440940809
vall1252	1.309724132	0.526919663
vase1234	1.275713607	0.431250742
vedd1240	2.1609775496666668	0.4665397193333333
vend1245	1.870991848	0.442234994
veps1250	1.586530385	0.682046375
viet1252	1.559330646	0.4747916835
voti1245	1.664661561	0.651833705
vute1244	2.726550736	0.454451843
wail1244	2.612051287	0.4418995866666666
waiw1244	3.423579545	0.385078474
waka1274	3.137727781	0.531183326
wall1255	1.753693182	0.571269533
wall1257	3.677567111	0.436366655
wame1240	0.473720764	0.598928426
wang1291	0.816724308	0.551531196
wanm1242	0.031713192	0.695989873
want1252	3.160079051	0.390926728
wapi1253	1.06875	0.575948075
wapp1239	2.340952322	0.467075309
wara1303	3.6030601530000004	0.4289603785
warl1254	0.14397542	0.6105541655
waro1242	3.486153141	0.453342241
waru1264	4.424555336	0.379377722
wasc1239	1.1451560443333333	0.66002532
wash1253	0.8380949436666667	0.6622377306666667
waya1269	3.532670021	0.4058727
wayu1243	0.640663599	0.633669174
west1510	1.002272727	0.6917941110000001
west2369	0.18713585133333333	0.823138263
west2386	0.4384465535	0.4957638315
west2396	3.314643034	0.380699325
west2408	1.468642749	0.413387978
west2418	1.841088058	0.447148567
west2443	1.036104249	0.55712321
west2454	-0.15476526	0.736190852
west2458	1.045728689	0.403572002
west2488	2.803359684	0.415897765
west2563	3.762042984	0.373556886
west2615	0.8654408551666667	0.6128918703333333
west2618	0.09656364166666667	0.9027420652222222
west2632	0.3409729083333333	0.7561853916666667
west2721	2.582651927	0.47032857733333333
wich1260	0.792670195	0.551778125
wich1264	0.80568573	0.392395834
wikm1247	1.701963933	0.41684103100000003
wint1259	1.4589048505	0.507241064125
wiyo1248	3.0263317636666667	0.4531951833333333
woge1237	2.222167325	0.451140794
woiw1237	2.794596097	0.498017447
wole1240		
worr1237	0.802287029	0.557263203
wuch1236	1.210406374	0.586626723
wuna1249	0.307306871	0.610257861
wuvu1239	1.904675148	0.454496258
wyan1247	1.4248008275	
xaas1235	0.437913425	0.574683346
xamm1241	0.300111166	0.730869016
xava1240	0.7667809495	0.4521777515
xegw1238	2.269491107	0.550625618
xere1240	1.405691989	0.414812668
xeta1241	1.264940397	0.390125466
xhos1239	2.586447697	0.46523235933333335
xokl1240	3.890785573	0.40819057
yaba1248	4.778477026	0.425320993
yaey1239	2.503659214	0.420274001
yaga1256	3.41753335	0.432641266
yagu1244	3.226868207	0.410076929
yaka1269	1.849284059	0.362740221
yaka1272	2.785973286	0.3057856605
yaki1237	1.5574151843333333	0.625739374
yaku1245	0.57735919	0.799670078
yala1267	3.68336833	0.448966005
yalu1240	1.74107584	0.448152168
yama1264	0.6818298473333333	0.6638842353333333
yami1254	2.822412302	0.411501619
yana1271	1.4063844403333334	0.4919967916666667
yank1247	0.207423419	0.715098633
yano1261	4.0606256174999995	0.388403232
yano1262	3.890909091	0.400845792
yans1239	1.411662571	0.335276394
yaoo1241	2.269941947	0.46368298
yape1248	3.006608202	0.438339105
yaqu1251	0.382872369	0.577489013
yekh1238	1.637549407	0.491464808
yela1238	2.600115194	0.347951999
yele1255	2.278117942	0.479450298
yems1235	1.721856472	0.551678874
yine1238	4.37364748	0.385465396
yiry1245	1.001568676	0.484233365
yoku1256	0.9477724275555556	0.5844799165555555
yomb1244	2.164976532	0.438009172
yoru1245	1.6715210946666668	0.469126809
yuca1254	3.810251976	0.389084785
yuch1247	1.918547146	0.537304992
yuec1235	0.879207325	0.593256331
yuki1243	2.4389914754285718	0.4564820961428571
yukp1241	2.616644022	0.455041104
yuqu1240	2.348609757	0.368615894
yuro1248	2.9226238262499997	0.4529957745
zand1248	1.3754481825	0.3627746815
zarm1239	-0.087747692	0.641021991
zena1248	-0.204854249	0.849151033
zigu1244	1.850123799	0.476077077
zinz1238	2.191940464	0.442382496
zulu1248	2.739165342	0.463121137
zuni1245	0.40517333666666666	0.7389612773333334
	0.866337286	0.6742778333333334
