variable	Malakula	Kanaky (New Caledonia main island)	Santo	Ambrym	Efate	Pentecost	Tanna	Erromango	Laguas_yan_gani	Maewo	Vanua Lava	Ambae	Tungaru + Tuvalu	Ureparapara	Aneityum	Anuta	Aore	Aotearoa	Chuuk	East Futuna	Futuna + Aniwa	Hawaii	Hiu	Kadavu	Kapingamarangi	Kosrae	Lau	Lifou	Loh-Toga	Luangiua	Mangareva	Mangarongaro	Marshall Islands (greater)	Mo-ava-mo-iki	Mota	Mota Lava	Nengone	Niue	North Marquesas	Nukuoro	Paama	Palau	Pohnpei	Pukapuka	Raivavae	Rakahanga-Manihiki	Rapa Nui	Rekohou	Rimatara	Rotuma	Rurutu	Samoa	Southern Cook Islands	Tahiti	Tikopia	Tokelau	Tonga	Tuamotu	Tupuai	Ulithi (greater)	Uvea (Wallis)	Woleai	Yap	NONE
mean_Rhat	1.0000251304790426	1.0000528813079053	1.0000409470436036	1.000029984537818	1.0000831376624724	1.0000231839405809	1.0000743622780994	1.0000320122678188	1.000061479071443	1.0000787691892574	1.0000400116868808	1.0000414085201483	1.0000172938081497	1.0000551281476024	1.00002396305751	1.0000344007913362	1.0000559809730536	1.000045170446103	1.000048244216325	1.00004597049333	1.0000355826849048	1.000011240579085	1.0000305515439072	1.0000306562891847	1.000050824638332	1.0000396615520488	1.0000242289043542	1.0000354201149482	1.0000547759466276	1.000047984594751	1.0000450376654761	1.0000413758308868	1.0000363122315286	1.0000179061381897	1.0000282008038697	1.0000089694419179	1.000059136591483	1.0000330203921093	1.0000255795714905	1.0000200493197415	1.000018730759952	1.000019940810517	1.000049921743922	1.0000828335647303	1.0000431011515238	1.0000302470352636	1.0000308405159446	1.0000264846212306	1.000023149607174	1.000041964048107	1.0000238364001028	1.000050065251322	1.00002180803518	1.0000662279920358	1.0000231079326443	1.0000662216390257	1.000061363550736	1.0000327545827576	1.0000555686565602	1.0000451989916037	1.0000797872951672	1.0000373625845893	1.0000362338987339	1.0000558366721157
mean_Bulk_ESS	73875.36379793279	71307.25299101016	76453.80081680357	73738.0553929471	74078.7051028343	73805.1845860311	70690.90769543096	74998.34170164056	77568.18530157069	75010.47607432948	74191.77734484099	74895.35701991808	73750.56242598062	75851.64321428712	74671.93537420967	73551.0247827335	74596.49206103092	81789.60569112794	74998.94040657	72368.13961839907	76116.92665412348	73574.04995623964	73681.92034050864	72144.31166967588	72833.62127007339	75614.04653144957	72503.97117131858	73585.10349510284	73465.73764994774	72106.46351453128	74014.26122741762	71426.19334103428	74432.95467963831	74446.62882935896	74480.18815536273	74777.02733994221	73674.38083426794	74563.38223244186	75573.78155584697	72725.16765922931	74305.04764931093	72456.41396074412	72555.83583667176	74396.9353545734	75721.88292927724	74453.34265575361	73619.46477990705	74592.03208048908	74913.7680798749	74449.90859103073	74199.31887061441	72864.35690071997	75519.31208194635	71760.52829350569	74468.02497426745	71958.25591001549	74340.00528107562	72475.02045285689	75929.18005812408	73349.340449221	74461.25133434404	73296.16454608932	73201.59785262975	73659.96430661171
mean_Tail_ESS	75994.98413395065	74425.77832193126	76268.27709040849	74569.7868417481	74317.05411348914	75322.01340199931	72325.45875247262	74647.6295430737	75177.5750302233	74584.75176972862	74654.1995657292	76043.46722330303	72712.51077914839	75660.43327938014	74895.86036439742	73491.08548541165	73677.31564811492	77342.17821085427	75688.94193375944	73831.3478934651	75839.38726996309	73241.66262325154	72891.05513839891	73298.00169258025	73344.99112178024	75642.43236712327	74889.49743411987	74491.3738963074	74238.8196232041	72626.23637228303	73580.14562921999	72269.23438834917	72958.40113286048	74620.97134480727	73578.45226523507	74262.96283811463	73749.35749579046	74501.22399847953	74441.7340074765	73300.12281338802	73878.8193202224	74189.06425159893	74780.84124715666	73453.24311695615	74553.8472452385	74166.82269509474	75213.1060885434	74442.54452623613	75357.07971695012	73151.41136230805	74538.23880965062	73495.31328076457	75419.38354565414	72601.47799380655	74814.4823005802	73811.91827812337	73801.72716799266	73619.6731171432	74707.14898418824	73875.4228286834	73456.43480537087	74251.41063928374	74175.040148586	75231.69142873294
diff_predicted_vs_observed	1.0560806451612903	1.363483870967742	1.2703225806451612	1.544532258064516	1.5668225806451612	1.6026129032258065	1.5703870967741935	1.5775322580645161	1.529774193548387	1.5993548387096774	1.5937903225806451	1.6198548387096774	1.6102096774193548	1.6068387096774193	1.6235483870967742	1.6171612903225807	1.588967741935484	1.6074032258064517	1.5878387096774194	1.610741935483871	1.6153225806451614	1.5923225806451613	1.6034032258064517	1.606983870967742	1.606774193548387	1.6068225806451613	1.5995322580645162	1.6083064516129033	1.5579354838709678	1.5979193548387096	1.6110322580645162	1.612967741935484	1.6100967741935484	1.6083870967741936	1.6104354838709678	1.5836290322580644	1.599016129032258	1.6240483870967741	1.590758064516129	1.612548387096774	1.5935645161290322	1.5873064516129032	1.6263548387096776	1.609016129032258	1.6190806451612902	1.6165806451612903	1.6061612903225806	1.6102258064516128	1.619709677419355	1.6076290322580644	1.6088225806451613	1.6358870967741934	1.6159677419354839	1.6264677419354838	1.6160645161290321	1.5988870967741935	1.6079838709677419	1.615758064516129	1.6228548387096775	1.6256935483870967	1.6149354838709677	1.626774193548387	1.6008387096774193	1.5823333333333334
dropped_observation_prediction	9.1527	132.3155	9.3237	2.5848	2.9397	4.6067	3.1225	1.4883	11.9964	5.1195	4.631	2.7497	3.3579	2.5825	1.4105	1.3383	3.3612	3.5153	3.5906	1.191	0.5988	0.1262	2.7516	1.2451	1.9332	0.3842	3.5451	1.7103	5.0637	1.8856	0.8031	0.5939	1.3876	1.3809	2.2179	3.1662	0.6701	0.8538	2.5645	1.5515	2.864	3.7239	0.5623	0.5567	0.6666	0.5466	0.5495	0.6041	0.5599	0.2745	0.5769	1.361	0.7913	0.3684	0.6094	0.7452	2.5374	1.3993	0.5705	1.591	1.474	1.1333	0.4819	2.7054
dropped_observation_prediction_diff	23.8473	103.31549999999999	14.6763	3.4152	2.0603	0.3933	1.8775	1.5117	8.9964	2.1195000000000004	1.6310000000000002	0.7496999999999998	1.3578999999999999	0.5825	0.4105000000000001	0.33830000000000005	2.3612	2.5153	2.5906	0.19100000000000006	0.4012	0.8738	1.7515999999999998	0.2451000000000001	0.9332	0.6158	2.5451	0.7102999999999999	4.0637	0.8855999999999999	0.19689999999999996	0.4061	0.38759999999999994	0.3809	1.2179000000000002	2.1662	0.32989999999999997	0.1462	1.5644999999999998	0.5515000000000001	1.8639999999999999	2.7239	0.4377	0.4433	0.33340000000000003	0.4534	0.4505	0.39590000000000003	0.44010000000000005	0.7255	0.42310000000000003	0.361	0.2087	0.6315999999999999	0.39059999999999995	0.2548	1.5373999999999999	0.3993	0.4295	0.591	0.474	0.13329999999999997	0.5181	0.7054
b_Intercept_mean	0.14155506382692898	-0.24225924323832915	0.20881969314978102	0.17477060070269138	0.2144365953289912	0.22536312976901723	0.17052052562995948	0.20203154013162414	0.28271949946668123	0.26505029528740137	0.2598171687245	0.2481233106196112	0.204407675718855	0.2551845848587231	0.24237382822546036	0.25009343675498696	0.2967976471802097	0.2401993813542483	0.20350518709302243	0.23908440000869655	0.22590724432275863	0.24141063097803414	0.2959274554805957	0.2344433058292369	0.23837195611111914	0.22614789089728465	0.20770671191488138	0.2489376848029207	0.30470443984126844	0.21668688064438793	0.23190078314538087	0.24253866291559015	0.22155823504751138	0.2431422688047707	0.2818336267041602	0.2908442857192888	0.22842391079962482	0.22916043440681	0.23337480284212914	0.23652260773922293	0.2978697294856603	0.22888469501394879	0.23589440911862844	0.22505819810907413	0.23346233714180517	0.23423661553498396	0.2174292932509931	0.2222530657441981	0.22081412959756155	0.2274256504556793	0.2227200701379331	0.23224681591758448	0.23298925472593449	0.2426542010229862	0.2205775030980983	0.24193664582679622	0.22088886866632448	0.22439863690896275	0.22463311064658362	0.2350169572562931	0.24009447771347586	0.23192115771818447	0.24023548725161206	0.23462648269242378
b_EA033_mean	-2.3875136993793102	-3.163161335172414	-2.5013549380689657	-2.9483394782758623	-3.077860230689655	-2.948681419827586	-2.9417686291379312	-3.056680208275862	-3.0379966520689656	-3.0060384703448277	-3.0006059994827585	-2.9644525239655173	-2.9533492548275864	-2.972854649310345	-2.939152948448276	-2.963032655689655	-2.986624549827586	-3.019305339137931	-3.0002954363793104	-2.9560094160344828	-2.9825881155172413	-3.0715701012068966	-2.9962660863793102	-2.932805845172414	-2.9855680865517242	-3.017335185172414	-2.731523076396552	-2.9118162665689655	-3.0755350972413793	-3.0052839839655174	-2.961129644482759	-2.9694577470689656	-2.9388731041379312	-2.9463947244827584	-2.979853148275862	-3.0045321972413794	-3.0079817037931034	-2.965868350862069	-2.9872273093103447	-2.975979986551724	-2.9761832240172414	-2.9504342812068964	-2.9893067420689654	-2.9671167798275864	-2.9723163612068966	-2.973510434827586	-2.979747456551724	-2.9547955594827586	-2.981124118275862	-3.0306690218965517	-2.9727456479310344	-2.9381106970517243	-2.9656540522413795	-2.993098114137931	-2.984938209827586	-2.9611734729310344	-2.8203487694827585	-2.9800435981034483	-2.9730042496551725	-2.9521318579310343	-2.9500112377586207	-2.955039670689655	-3.0151161220689655	-2.962467980689655
b_Carrying_capactiy_PC1:Shoreline_mean	0.29302022956029655	0.7204873218204396	0.20083455432563277	0.13013028408272068	0.3785151079801431	0.3156082404687293	0.49777128786213687	0.4014924000837652	0.532954141254502	0.2896617311452672	0.2834690113635586	0.32456214175707887	0.5206387640980207	0.2352372430003412	0.28406513244572346	0.2538507508920517	0.17846846657813792	0.04373602929010862	0.41841552398042875	0.29115279400795	0.30047750315958793	0.30085775544620863	0.10321777963062587	0.28706647448458106	0.4445517435042052	0.3276626052674774	0.1871668318415724	0.2575614760200448	0.1236893171946643	0.5744374170700638	0.30393625556543946	0.16441330113292413	0.3668079537245278	0.26368138729894136	0.15166866723448966	0.1775105442406838	0.3316870844158359	0.323357633414981	0.6510293279871655	0.40089245590334244	0.11213293455358965	0.24960465970291898	0.30178763276685516	0.30492102983024744	0.27169565764703274	0.22351665114203792	0.35939104081355	0.40773459105816895	0.3360071069962552	0.2945800945767219	0.3335143061958724	0.29660851880024136	0.3003131992239324	0.24204923014555862	0.3453516150065207	0.21116616944325	0.22589815524900758	0.3686698378130033	0.3201765848113448	0.31863225417087243	0.2944362608043931	0.3314260382366207	0.22584706948279482	0.29989736386321036
b_Shoreline:Carrying_capactiy_PC2_mean	1.6448593352103775	3.5920282645881034	1.510947675278162	0.20498472235736034	0.5623595643281	0.5557119409956046	0.6545186292780173	0.5276926134842768	0.2556812846818172	0.515677071798012	0.4995892822205249	0.6003111036508958	0.5394360757916449	0.48732704519431036	0.5584844430764052	0.518028359697419	0.47633833755900346	0.6388720344926776	0.253314632661281	0.5373720721072903	0.5079958678352121	0.4543830435848052	0.3668518616048931	0.5481392093537448	0.677435827209869	0.5775056863085845	0.4632922246549569	0.5673721602781845	0.24631437439084708	0.7666859551877465	0.5240769222195155	0.41442581355130864	0.548475330185238	0.5094735024406054	0.426799816420431	0.4383274269530247	0.5263930276752274	0.5542385532158034	0.6838725114467834	0.6335038593101121	0.4103730223533069	0.19388720833032638	0.5891315355196121	0.5441730909765103	0.48198020764607413	0.4530298443918879	0.5553373369451051	0.5113095362211423	0.5388184658092449	0.5011984984502166	0.5457332169665603	0.5245120401138172	0.5311257009816129	0.5061944457233634	0.5551614249037276	0.46357438783320515	0.5346863263665853	0.5606459122809966	0.528751786157431	0.5219645522199241	0.5324669259581725	0.5705783765187965	0.45010976424500343	0.5453456579457311
b_Shoreline:Carrying_capactiy_PC3_mean	-1.1160140602983923	-2.141147124858919	-1.1886720675391587	0.25151404863144106	-0.04837949704767931	-0.1744416322855057	-0.22716694333549484	-0.040147141982080865	-0.45431467178966034	-0.13735433520648932	-0.10349911967615862	-0.2301941217651224	-0.18001983986560863	-0.11239599393945172	-0.19761166098481034	-0.1437954841073414	-0.1419510633112038	0.27426166198798446	0.22265018284888793	-0.15027902600277637	-0.10003705931943965	-0.13625815123727586	-0.009070831579957242	-0.17647828955700862	-0.2751867655445543	-0.14504638310547585	-0.1646362732943862	-0.22527102756337586	0.1612697217994862	-0.31068681294819656	-0.16985025750285	-0.03449726679536724	-0.16991828453813423	-0.13960741572851326	-0.0711320680886793	-0.06912153006226379	-0.11199810017131603	-0.16409222688471897	-0.4591381789457345	-0.22792066694092414	-0.08014169151312103	0.20085274402768794	-0.19412818444648103	-0.15522905347761723	-0.1175634177639069	-0.07113881591466208	-0.16659057160303967	-0.28617412886112586	-0.14190924190537585	-0.08496445653232758	-0.1659175491116951	-0.14358866478339827	-0.15844769731906724	-0.1668955596289586	-0.1414467270649927	-0.09898004693398949	-0.16238528971602242	-0.11451224196361104	-0.1526210202297219	-0.1291056783655862	-0.14564770208072414	-0.18792565533271036	-0.0332580183173	-0.15239196263858448
b_Shoreline:Settlement_date_grouping_finer_mean	3.732743580862069	5.363663760517241	3.8954589787931035	4.1619079567241375	3.981570470862069	4.041544667758621	4.030851218793104	4.009857412586207	4.179141966551724	4.010901368965517	4.010257326896552	4.010744842758621	4.008778806206896	4.033497086551725	4.036402392931034	4.032670207931035	4.014501515862069	3.9493818505172413	4.019072920344827	4.029407294482759	4.0435357403448275	4.060291952586207	4.033694373965517	4.044309513620689	3.964522220689655	4.026379136034483	4.1644866655172414	4.043655332413793	4.022030359482758	3.9267396772413794	4.048671459827586	4.082071593793104	4.030062207758621	4.040415125517241	4.032207491206896	4.010205431034483	4.023764596034483	4.0332934284482755	3.951734445862069	3.982728089137931	4.036495178103448	4.079702336896552	4.0314043970689655	4.048491045344828	4.056480419482758	4.0701771562068965	4.038169753793103	4.067419547758621	4.04046212775862	4.046758630862069	4.044141732931035	4.040964940344828	4.0417823477586206	4.066514125862069	4.030167048793103	4.068013680344827	4.094587926551724	4.002162348275862	4.047739260862069	4.023632217931034	4.0264130687931035	4.026129471896552	4.050231311034483	4.031773376896552
b_Intercept_sd	0.24105079969491583	0.28615211542361657	0.23376199288393756	0.23268147832896036	0.22954968010549784	0.23095840106564777	0.23919675732113102	0.2313059055113232	0.22198673647741596	0.22689747472140578	0.2290934417359833	0.22858607803715764	0.23030557993572162	0.2338650522483133	0.22897884055669143	0.23509648963913998	0.22926315420851617	0.22577383509673765	0.22972776116358884	0.22743502965451534	0.22919587005944336	0.22854088673776263	0.2322419535649208	0.22628974487332582	0.22541664793753174	0.22877782604382824	0.2266058942082063	0.22786982803739864	0.22513446795949443	0.22867995839849709	0.2285349269221671	0.2278593842510591	0.23245153259769624	0.22852189672826748	0.23313587152890636	0.22889933548453717	0.2281044773596277	0.22868021171522038	0.22608960541352963	0.2258078290875727	0.23276849170669858	0.22499291039170471	0.228615416052175	0.22773720341416584	0.22687597063132908	0.22616406127461441	0.23082263705403483	0.2284751533559916	0.22875336689686226	0.22859151979604786	0.22965255526298226	0.2275417811138405	0.22731157922699005	0.22765813001738144	0.2292244076931331	0.22921842790347297	0.22670047745827532	0.22925626213630423	0.22777804550270148	0.2263971112250664	0.22737535778265755	0.2282548812806865	0.2280761331349792	0.22750632069431748
b_EA033_sd	0.45630204299010774	0.42671988769776414	0.4565564952845752	0.4562049699740889	0.4718290550532504	0.45565719883358524	0.4565678614093074	0.4686315222601269	0.4524890654070037	0.458950308273853	0.4564642452652076	0.45392212550054784	0.45025695138964184	0.45318596335513855	0.4571132766017015	0.4508086909991774	0.4531765105196591	0.46868885301463076	0.45221070425271653	0.4520927854438155	0.45660223705665665	0.46305949314630784	0.45424506502604367	0.47177864840026434	0.45380923699105535	0.4632669663922841	0.4726108912149264	0.45761134798055375	0.4600896632435464	0.45877637134896265	0.45283050577594763	0.45317872157224204	0.4558992667060405	0.4526198883148529	0.4523738314971206	0.45470453297997765	0.46956127935617953	0.4571131903038426	0.45629061935812065	0.4541248928061769	0.44996509758297276	0.447186214493167	0.45846221075516314	0.4513383544794398	0.45683698526102273	0.45366317895072256	0.4568710316627727	0.4525272404072518	0.4537125749870386	0.46198517173249026	0.45791030143724115	0.4618016536931968	0.45550195707457614	0.45671487206520445	0.45740987020278356	0.4562804127735757	0.47087898926767274	0.45387353066648367	0.4537103817159026	0.45017848986123277	0.4536882104392447	0.45465084863310734	0.46402367229791397	0.45292253011044986
b_Carrying_capactiy_PC1:Shoreline_sd	1.1326728403543298	1.1583596963141294	1.1207854442719147	1.1620129701142796	1.1246216553599102	1.1281791175513969	1.1442849348089286	1.132025203326388	1.1269700710498354	1.109916525424521	1.1205861509772623	1.1220085459390847	1.1591212772165866	1.136195738521363	1.1334370720937097	1.135815639472196	1.1159521888156352	1.233530034451428	1.1217276169452068	1.1276535576158726	1.1269257926682907	1.1407637766404286	1.143100192392571	1.1267070732708966	1.1196270568558782	1.1234188741725613	1.1339133737200873	1.1217218507062736	1.1241670761645683	1.1938150073196439	1.1328456394235056	1.1588890645486882	1.1513079476471337	1.1347736536195097	1.137756199578473	1.1230941902027543	1.1270768344254791	1.1354429436585363	1.1761897183065344	1.1420255777477066	1.1457047600853154	1.1232919892784197	1.128324802089339	1.1277394693332439	1.1249181554527	1.1358048144124844	1.1369592833401667	1.1436713027087315	1.1298990964806541	1.1394983250764035	1.132051749989019	1.1272889430896471	1.124970791856162	1.1437396057702254	1.1316143519893909	1.1773325877567993	1.118534907447485	1.1411131792085172	1.1348632808747396	1.1201620021276337	1.1209553324963857	1.1512833274985332	1.1376141557449864	1.1249438224829316
b_Shoreline:Carrying_capactiy_PC2_sd	1.0324171183101882	1.37460551018574	1.0375448456687444	1.0374889021031408	0.9972741878104314	0.992862170041653	1.0021663738015054	0.9985837060510204	0.9936988014444798	0.9783260635006956	0.994583768468558	0.9926845126461851	0.9892975968839707	1.0040326121653713	0.9946953595001847	1.0003250943953887	0.9886667046920128	1.0171590066503677	1.0121956356330675	0.9963477712532437	0.9981891198324819	1.006819589286422	1.010388606592036	0.9956599132826937	0.9921990572105622	0.9947114026464949	1.0002248634582933	0.9886862137108501	1.0025938163476633	1.0431973588743153	0.9940884963516301	1.0248371193776395	0.9946808742416083	1.0054128504545339	1.0027827910720735	0.9960831741371298	0.9970495896403914	0.9988787844875218	0.9910545513503941	1.0098493039443095	1.0057236544995716	1.0292286367878751	0.9877097022442608	0.993361507958181	1.0064076294634217	1.0094423846814895	0.9937480456310059	1.0023468784578764	0.992450860892668	1.006234710186837	0.9944874556847135	0.9975785528479365	0.9955632502960556	1.0046512380679944	0.9942151272999379	1.0400701417406484	0.9875274246503803	0.9903685952107163	1.000500891593745	0.9902019034488108	0.9881011074561878	1.0222076419800774	1.0057085352299182	0.9957318863332278
b_Shoreline:Carrying_capactiy_PC3_sd	1.1262743610529573	1.2479683711087544	1.1556295972561816	1.157122405026162	1.1192660568991755	1.1226828099959536	1.1225676939960623	1.122876943321339	1.174669700866156	1.1023231444097852	1.1221895906861485	1.1260816317262876	1.12092676324338	1.125679494521723	1.12942101999998	1.1132032648483403	1.1141083304864365	1.4194990242379142	1.1502496701939549	1.113084212847326	1.1211551275416547	1.1418419695489845	1.1231803736405552	1.124377448860961	1.1114037889752744	1.1160157248049003	1.11894261482459	1.1234101844930973	1.122772917285195	1.126272413230874	1.1256958793625265	1.144601123390253	1.1265771193555076	1.120368956035708	1.1195662321386117	1.1098282960487098	1.1315796015003985	1.1223398302684218	1.1770485138679208	1.1249544290806792	1.120251456994863	1.1457111885701705	1.1183602227277467	1.1124697771932133	1.1222272984600545	1.1314011532017165	1.1229334015555517	1.1521160680864804	1.1176964631587492	1.128095564923353	1.1165583823929905	1.1222343062658222	1.1207477746396382	1.1293928713543597	1.120934496697971	1.1473705381244774	1.110516593888245	1.130896551108662	1.1227354682614592	1.1131893683073772	1.115894016257831	1.1405689964539711	1.1339950146003275	1.1182874265257172
b_Shoreline:Settlement_date_grouping_finer_sd	0.42745143645759826	0.5661840232984497	0.42302852829753135	0.4412684909823646	0.4242449502858819	0.4255757299654996	0.4225297246862412	0.42599863484772965	0.4396823742264468	0.42354648846930115	0.4219796316098529	0.4283238214924791	0.42418520785062463	0.42670359526422086	0.4254470289841323	0.42294910127083807	0.4217331125187309	0.45949012569400366	0.4233855520317439	0.4254075693601194	0.4257180832296545	0.4322814312447623	0.42559828044485853	0.42667426445588985	0.43047090052954035	0.42498758072712284	0.4408781917851496	0.4236866367156421	0.4230272790819322	0.4520247552553213	0.43017153629533883	0.4377526355635545	0.42197508197401	0.4270707340815836	0.4258053651435131	0.4250251522186423	0.4257354205456524	0.4251824508972489	0.42988747718708487	0.434999002464347	0.42569517303500787	0.42565282395871357	0.42156547752224427	0.42529584947434557	0.42766090494352615	0.4308378764703515	0.42667108942525234	0.4323598999475481	0.42463505499325116	0.4265604438220234	0.4260094806115942	0.4229488775777802	0.42605143633642545	0.4318006895311364	0.4250868523735859	0.4423075087031109	0.42888575406667384	0.43540235950942313	0.4283951302792073	0.42156014307878886	0.4218785283822575	0.4304773703329846	0.42589323744829916	0.42689576846876437
b_Intercept_min	-0.926347	-1.46515	-0.895489	-0.880356	-0.742417	-0.867287	-1.05304	-0.889593	-0.820452	-0.768036	-0.736237	-0.722551	-0.800261	-0.693808	-0.747782	-0.854913	-0.678775	-0.823409	-0.827282	-0.78721	-0.851375	-0.814071	-0.737346	-0.866068	-0.72615	-0.852056	-0.846611	-0.90367	-0.690734	-0.834197	-0.979103	-0.796443	-0.914982	-0.876479	-0.989121	-0.700108	-0.715068	-0.825803	-1.01032	-0.761473	-0.691089	-0.88471	-0.689699	-0.786367	-0.743711	-0.810008	-0.859017	-0.961561	-0.846033	-0.883387	-0.921159	-0.973477	-0.818532	-0.725052	-0.806129	-0.842175	-0.81859	-0.976736	-0.970709	-0.828812	-0.765052	-0.725324	-1.03071	-0.80506
b_EA033_min	-4.36022	-5.06063	-4.5298	-5.06508	-5.33958	-4.90442	-5.3905	-5.14825	-5.18981	-5.03788	-5.08632	-4.88475	-5.13916	-5.07926	-5.10795	-5.01173	-5.11191	-5.1956	-5.03379	-5.39404	-5.24992	-5.32408	-5.17847	-4.9591	-5.06313	-5.31258	-4.77147	-5.07441	-5.47807	-5.05634	-4.77744	-5.16918	-4.95083	-4.96681	-5.30873	-5.24847	-5.12006	-5.12831	-5.1415	-5.16536	-5.01686	-4.99705	-5.02995	-5.04877	-5.24318	-5.17162	-4.95101	-4.83762	-4.81823	-5.24434	-5.08364	-4.98436	-5.00599	-4.93337	-4.80018	-4.94239	-5.08808	-4.96566	-4.99137	-5.06422	-4.97062	-5.26701	-5.18521	-5.08111
b_Carrying_capactiy_PC1:Shoreline_min	-4.41438	-4.41622	-5.45944	-5.78436	-4.92387	-4.46902	-4.47299	-5.00239	-4.09822	-4.7048	-4.64847	-4.89901	-5.0669	-4.87872	-4.83204	-4.80712	-4.5039	-4.87233	-4.53008	-4.96729	-4.98623	-4.46088	-5.22985	-4.87193	-3.98188	-4.95944	-4.62172	-4.74383	-5.53877	-4.47056	-4.78392	-6.00417	-4.98103	-4.60355	-6.39966	-4.85237	-5.02667	-4.70799	-4.69248	-4.4974	-4.70994	-5.12423	-4.65855	-5.23301	-4.60764	-5.69251	-4.72343	-4.19884	-4.74548	-5.14861	-4.64731	-4.55142	-5.11059	-4.82879	-4.68714	-5.385	-4.57628	-4.43116	-5.15587	-4.22002	-5.09178	-6.19296	-4.70156	-4.67586
b_Shoreline:Carrying_capactiy_PC2_min	-2.53099	-2.16192	-2.87824	-4.34749	-3.96874	-3.5036	-4.01606	-3.71108	-4.08004	-3.76496	-3.90059	-4.47643	-3.88185	-3.83805	-4.0524	-3.94544	-3.88845	-3.91133	-4.43109	-3.80959	-3.76103	-4.50763	-4.18439	-4.28327	-3.84914	-3.96004	-4.44437	-3.51112	-4.07538	-4.48321	-4.02375	-3.99242	-4.21785	-4.0646	-4.18601	-3.79281	-3.64134	-3.67147	-3.72338	-3.87783	-4.42033	-4.41625	-3.67292	-4.76514	-4.36727	-4.06588	-3.71835	-3.97534	-4.04239	-4.596	-4.13936	-3.7015	-3.4803	-4.51318	-3.32007	-4.22226	-4.28431	-3.82902	-3.78265	-3.52145	-3.86348	-4.28964	-4.2814	-3.65451
b_Shoreline:Carrying_capactiy_PC3_min	-5.69006	-7.00233	-6.17778	-5.24672	-5.6798400000000004	-5.3144	-5.36819	-5.36557	-6.50497	-4.73429	-4.8936	-6.1021	-6.05692	-5.32605	-5.72552	-4.94337	-4.97102	-5.50737	-4.53141	-4.62402	-4.96657	-5.3886	-4.67802	-5.77821	-4.94421	-4.67569	-5.65825	-5.57455	-4.76851	-5.58755	-4.81883	-4.9979	-5.52353	-5.35906	-5.09959	-5.42145	-5.46116	-5.63204	-5.79095	-5.27963	-4.97707	-4.80824	-5.68886	-5.33692	-5.57609	-5.13725	-4.97338	-5.42377	-4.9101	-5.36539	-5.35553	-5.64359	-5.05927	-5.37464	-5.70214	-5.5383	-5.01472	-5.02204	-5.09263	-5.44855	-5.05511	-5.22495	-5.08519	-6.11642
b_Shoreline:Settlement_date_grouping_finer_min	1.98266	3.03046	2.22445	2.39115	2.33935	2.52201	2.4725799999999998	2.3259	2.50058	2.03749	2.44785	2.47505	2.38253	2.32162	2.48016	2.35656	2.41187	2.20552	2.22076	2.21961	2.2461	2.40839	2.45756	2.45984	2.3184	2.31114	2.44172	2.40114	2.25565	2.08745	2.44608	2.45064	2.33589	2.41856	2.40998	2.31286	2.33343	2.33713	2.23755	2.29299	2.36375	2.35879	2.33154	2.51732	2.39373	2.38999	2.44744	2.10858	2.42469	2.29718	2.46384	2.277	2.42386	2.35276	2.36754	2.4576	2.4208	2.38947	2.21461	2.3337	2.55313	2.40291	2.4517	2.44789
b_Intercept_max	1.03275	0.853728	1.13083	1.04077	1.04488	1.07649	1.16143	1.15051	1.09438	1.09809	1.148	1.14009	1.11983	1.15407	1.17367	1.18583	1.18434	1.2175	1.13737	1.12278	1.20795	1.12845	1.18099	1.10436	1.17045	1.19292	1.1310500000000001	1.19609	1.18687	1.02639	1.10009	1.10213	1.16359	1.14718	1.24607	1.31144	1.20049	1.13154	1.50188	1.10201	1.19588	1.10313	1.25732	1.09358	1.16073	1.07284	1.11554	1.10862	1.16152	1.13783	1.11384	1.13152	1.14238	1.33415	1.12679	1.15271	1.18302	1.20579	1.12796	1.13578	1.17494	1.2121	1.1846	1.11704
b_EA033_max	-0.734538	-1.46581	-0.329934	-1.1605	-1.24215	-1.32142	-1.2159	-1.34	-1.26744	-1.24129	-1.25189	-1.36195	-1.09628	-1.10142	-1.19027	-1.20275	-1.13086	-1.13798	-1.24428	-1.31985	-1.07299	-1.3533	-1.20165	-1.03995	-1.18277	-1.11397	-0.842328	-0.909141	-1.23217	-1.21629	-1.11684	-1.09109	-1.24479	-1.21533	-1.33001	-1.21757	-1.14265	-1.2373	-1.12452	-1.20026	-0.937693	-1.16559	-1.28952	-1.11425	-1.24195	-1.08529	-1.0425	-1.38837	-1.20814	-1.24908	-1.15995	-0.875679	-1.35018	-1.29941	-1.23072	-1.22982	-1.09314	-1.07306	-1.07331	-1.32289	-1.23434	-1.35542	-1.28396	-1.19487
b_Carrying_capactiy_PC1:Shoreline_max	5.15556	5.4025	4.88529	4.80708	4.79067	5.23672	5.11796	4.77943	5.40244	4.72239	4.62338	5.05106	5.44923	4.77554	4.76726	5.25384	5.14698	6.08198	4.94065	4.76083	4.8682	5.36105	4.4644	5.17407	4.8627	4.83509	5.53456	4.82817	4.46971	5.54291	4.93733	4.95346	4.89229	4.92063	5.00592	4.34077	4.85914	5.18544	5.66102	4.90388	4.31059	4.76429	4.69555	4.72609	4.70697	4.75453	4.8662	5.13819	6.07033	4.67736	4.92946	4.97148	4.56337	4.76561	5.66643	4.88861	4.5655	4.86093	5.08701	5.12058	4.81437	5.17989	4.68906	5.02209
b_Shoreline:Carrying_capactiy_PC2_max	5.72577	8.99535	5.62644	4.5509	4.4014	4.43694	4.97145	4.33587	4.4622	4.68001	4.23377	4.88084	4.6631	4.45559	4.82159	4.62073	4.62905	4.42446	4.43019	4.67838	4.28922	4.42197	4.76125	4.57396	4.63791	4.36613	4.7408	4.28892	4.03815	4.51529	4.46286	4.82297	4.36349	4.35546	4.30099	4.46155	4.35294	4.69724	4.38912	4.84975	4.45524	4.39837	4.35738	4.57177	4.72721	4.79149	4.64115	4.38237	4.68393	4.5243	4.69335	4.83141	4.39075	4.4382	4.63286	4.78885	4.62952	4.20112	5.26515	4.77736	4.37875	5.222	4.70689	4.729
b_Shoreline:Carrying_capactiy_PC3_max	3.6178	3.45363	3.61369	6.13197	4.54289	4.2496	4.36444	4.86758	4.39706	4.13396	5.05943	5.42817	5.30394	4.66963	4.26395	4.87124	4.82491	6.01618	5.42135	4.34083	4.22953	4.51798	4.43643	4.6815	4.29269	4.31927	4.50095	4.48785	4.5535	4.49447	3.95814	4.51637	4.25699	4.56012	4.70367	5.00166	4.48123	4.90781	4.30741	5.21928	4.72903	4.66928	4.3032	4.62057	4.71947	4.79914	4.78932	5.08024	4.50467	5.20901	4.24632	4.32262	4.71454	4.50151	4.066	5.20448	4.63059	4.55831	4.81772	4.25901	4.6202	4.33054	4.72833	4.28798
b_Shoreline:Settlement_date_grouping_finer_max	5.45437	7.89194	6.05968	6.52443	6.03479	5.99132	6.42369	5.97972	6.09539	5.88686	6.02804	6.41031	6.26253	5.8656	5.90639	5.89769	5.93801	6.24487	5.82813	6.01726	5.97859	6.1585	6.1798	6.20609	6.10774	6.13666	6.04179	6.26351	5.93777	6.1119	5.96522	6.03709	5.71363	5.90381	6.28395	5.88203	6.00466	6.05685	6.04203	6.12332	6.14096	6.15903	5.99627	5.92675	6.32649	6.16412	5.90497	6.17296	6.44038	6.0332	5.85269	5.99508	5.92477	6.13961	5.99113	6.14854	5.88407	6.2183	6.14018	5.99195	5.70719	5.87031	6.32518	6.12107
dropped_observation_prediction_mean	9.1527	132.3155	9.3237	2.5848	2.9397	4.6067	3.1225	1.4883	11.9964	5.1195	4.631	2.7497	3.3579	2.5825	1.4105	1.3383	3.3612	3.5153	3.5906	1.191	0.5988	0.1262	2.7516	1.2451	1.9332	0.3842	3.5451	1.7103	5.0637	1.8856	0.8031	0.5939	1.3876	1.3809	2.2179	3.1662	0.6701	0.8538	2.5645	1.5515	2.864	3.7239	0.5623	0.5567	0.6666	0.5466	0.5495	0.6041	0.5599	0.2745	0.5769	1.361	0.7913	0.3684	0.6094	0.7452	2.5374	1.3993	0.5705	1.591	1.474	1.1333	0.4819	2.7576380952380952
dropped_observation_prediction_diff_mean	23.8473	103.31549999999999	14.6763	3.4152	2.0603	0.3933	1.8775	1.5117	8.9964	2.1195000000000004	1.6310000000000002	0.7496999999999998	1.3578999999999999	0.5825	0.4105000000000001	0.33830000000000005	2.3612	2.5153	2.5906	0.19100000000000006	0.4012	0.8738	1.7515999999999998	0.2451000000000001	0.9332	0.6158	2.5451	0.7102999999999999	4.0637	0.8855999999999999	0.19689999999999996	0.4061	0.38759999999999994	0.3809	1.2179000000000002	2.1662	0.32989999999999997	0.1462	1.5644999999999998	0.5515000000000001	1.8639999999999999	2.7239	0.4377	0.4433	0.33340000000000003	0.4534	0.4505	0.39590000000000003	0.44010000000000005	0.7255	0.42310000000000003	0.361	0.2087	0.6315999999999999	0.39059999999999995	0.2548	1.5373999999999999	0.3993	0.4295	0.591	0.474	0.13329999999999997	0.5181	1.5880666666666667
