dropped_obs	mean_Rhat	mean_Bulk_ESS	mean_Tail_ESS	diff_predicted_vs_observed	diff_predicted_vs_observed.1	dropped_observation_prediction	dropped_observation_prediction_diff	dropped_observation_prediction_diff_abs	b_Intercept_mean	b_Carrying_capactiy_PC1_mean	b_Shoreline_mean	b_Carrying_capactiy_PC2_mean	b_EA033_mean	b_Settlement_date_grouping_finer_mean	b_Carrying_capactiy_PC1:Shoreline_mean	b_Shoreline:Carrying_capactiy_PC2_mean	b_Shoreline:Settlement_date_grouping_finer_mean	b_Intercept_sd	b_Carrying_capactiy_PC1_sd	b_Shoreline_sd	b_Carrying_capactiy_PC2_sd	b_EA033_sd	b_Settlement_date_grouping_finer_sd	b_Carrying_capactiy_PC1:Shoreline_sd	b_Shoreline:Carrying_capactiy_PC2_sd	b_Shoreline:Settlement_date_grouping_finer_sd	b_Intercept_min	b_Carrying_capactiy_PC1_min	b_Shoreline_min	b_Carrying_capactiy_PC2_min	b_EA033_min	b_Settlement_date_grouping_finer_min	b_Carrying_capactiy_PC1:Shoreline_min	b_Shoreline:Carrying_capactiy_PC2_min	b_Shoreline:Settlement_date_grouping_finer_min	b_Intercept_max	b_Carrying_capactiy_PC1_max	b_Shoreline_max	b_Carrying_capactiy_PC2_max	b_EA033_max	b_Settlement_date_grouping_finer_max	b_Carrying_capactiy_PC1:Shoreline_max	b_Shoreline:Carrying_capactiy_PC2_max	b_Shoreline:Settlement_date_grouping_finer_max	b_Intercept_straddle_zero	b_Carrying_capactiy_PC1_straddle_zero	b_Shoreline_straddle_zero	b_Carrying_capactiy_PC2_straddle_zero	b_EA033_straddle_zero	b_Settlement_date_grouping_finer_straddle_zero	b_Carrying_capactiy_PC1:Shoreline_straddle_zero	b_Shoreline:Carrying_capactiy_PC2_straddle_zero	b_Shoreline:Settlement_date_grouping_finer_straddle_zero	Intercept§Estimate	Carrying_capactiy_PC1§Estimate	Shoreline§Estimate	Carrying_capactiy_PC2§Estimate	EA033§Estimate	Settlement_date_grouping_finer§Estimate	Carrying_capactiy_PC1:Shoreline§Estimate	Shoreline:Carrying_capactiy_PC2§Estimate	Shoreline:Settlement_date_grouping_finer§Estimate	Intercept§Est.Error	Carrying_capactiy_PC1§Est.Error	Shoreline§Est.Error	Carrying_capactiy_PC2§Est.Error	EA033§Est.Error	Settlement_date_grouping_finer§Est.Error	Carrying_capactiy_PC1:Shoreline§Est.Error	Shoreline:Carrying_capactiy_PC2§Est.Error	Shoreline:Settlement_date_grouping_finer§Est.Error	Intercept§l-95% CI	Carrying_capactiy_PC1§l-95% CI	Shoreline§l-95% CI	Carrying_capactiy_PC2§l-95% CI	EA033§l-95% CI	Settlement_date_grouping_finer§l-95% CI	Carrying_capactiy_PC1:Shoreline§l-95% CI	Shoreline:Carrying_capactiy_PC2§l-95% CI	Shoreline:Settlement_date_grouping_finer§l-95% CI	Intercept§u-95% CI	Carrying_capactiy_PC1§u-95% CI	Shoreline§u-95% CI	Carrying_capactiy_PC2§u-95% CI	EA033§u-95% CI	Settlement_date_grouping_finer§u-95% CI	Carrying_capactiy_PC1:Shoreline§u-95% CI	Shoreline:Carrying_capactiy_PC2§u-95% CI	Shoreline:Settlement_date_grouping_finer§u-95% CI	Intercept§Rhat	Carrying_capactiy_PC1§Rhat	Shoreline§Rhat	Carrying_capactiy_PC2§Rhat	EA033§Rhat	Settlement_date_grouping_finer§Rhat	Carrying_capactiy_PC1:Shoreline§Rhat	Shoreline:Carrying_capactiy_PC2§Rhat	Shoreline:Settlement_date_grouping_finer§Rhat	Intercept§Bulk_ESS	Carrying_capactiy_PC1§Bulk_ESS	Shoreline§Bulk_ESS	Carrying_capactiy_PC2§Bulk_ESS	EA033§Bulk_ESS	Settlement_date_grouping_finer§Bulk_ESS	Carrying_capactiy_PC1:Shoreline§Bulk_ESS	Shoreline:Carrying_capactiy_PC2§Bulk_ESS	Shoreline:Settlement_date_grouping_finer§Bulk_ESS	Intercept§Tail_ESS	Carrying_capactiy_PC1§Tail_ESS	Shoreline§Tail_ESS	Carrying_capactiy_PC2§Tail_ESS	EA033§Tail_ESS	Settlement_date_grouping_finer§Tail_ESS	Carrying_capactiy_PC1:Shoreline§Tail_ESS	Shoreline:Carrying_capactiy_PC2§Tail_ESS	Shoreline:Settlement_date_grouping_finer§Tail_ESS	Intercept§straddle_zero_95	Carrying_capactiy_PC1§straddle_zero_95	Shoreline§straddle_zero_95	Carrying_capactiy_PC2§straddle_zero_95	EA033§straddle_zero_95	Settlement_date_grouping_finer§straddle_zero_95	Carrying_capactiy_PC1:Shoreline§straddle_zero_95	Shoreline:Carrying_capactiy_PC2§straddle_zero_95	Shoreline:Settlement_date_grouping_finer§straddle_zero_95	dropped_observation_prediction_mean	dropped_observation_prediction_diff_mean
Vanuatu + Temotu	1.000087890248147	46519.141709132135	57188.55096053457	1.981818181818182	1.981818181818182	6.7887	123.2113	123.2113	7.45235752787552	6.42559490915155	-5.70337039677893	-5.99716802998381	-0.243628492983081	-7.19494170342259	-4.90885932550552	4.45242189401512	5.7702892036431	7.2386496906441	2.57661303833631	4.51043842579252	4.64099989903855	0.61328941715041	2.68381929417239	1.87361178061907	3.15686649428809	1.85760554905783	-24.5052	-5.3958	-28.1422	-22.9934	-3.18227	-19.3131	-12.0495	-9.34592	-0.778681	39.4149	17.0221	10.7006	14.7434	2.34815	2.93917	3.0779	16.4799	14.1232	yes	yes	yes	yes	yes	yes	yes	yes	yes	7.43185667387953	6.43687419544422	-5.69192421095112	-5.99655023872192	-0.241368884886077	-7.19492347754509	-4.91671941221853	4.45393470912363	5.76874925024828	7.18914998738383	2.57449744583351	4.4759849906665	4.60318554917948	0.612835927324708	2.69060736902056	1.87413396467396	3.13317821202579	1.86242060789803	-6.558205	1.2926085	-14.9182	-14.7955075	-1.4487525	-12.56576	-8.516251	-1.78942425	2.20464525	21.72561	11.4038	2.66567075	3.2254775	0.95064375	-1.9878925	-1.16531925	10.4710225	9.50886525	1.00006960959699	1.00012605076748	1.00006321268883	1.00011986869442	1.00004286205429	1.00007586833313	1.00011477456635	1.00009878000883	1.00007998552301	45260.9057617653	45817.0421693538	45793.587825911	38656.1558436389	80730.4901434865	40527.9409351977	44739.7139935632	37970.1337620725	39176.3049472004	56108.5692100701	58307.2246843447	56118.5147796872	52463.0107022985	75384.9877342289	55274.3528679424	57651.2875919048	50213.9813146307	53175.0297597039	yes	no	yes	yes	yes	no	no	yes	no	6.7887	123.2113
New Caledonia (incl loyalties)	1.0001250785424125	46445.98915897197	53487.214277413594	3.727272727272727	3.727272727272727	11.1307	22.869300000000003	22.869300000000003	37.0522103241379	-9.25943441806012	-20.2127096591379	-0.782226084521897	-4.90031517413793	-15.1098323277586	7.26178559943326	-2.42159256701193	12.2199342712069	6.78843379761478	3.65744619977903	4.38804674491395	5.60270734103054	0.369332038570957	3.07216993428976	2.73574381888669	3.94073083592978	2.09656996325386	10.1493	-26.6892	-43.3289	-20.8066	-6.66965	-30.1385	-3.52401	-22.5015	3.47998	68.2612	5.23909	-4.97767	27.5049	-3.42935	-2.54506	20.6529	12.1839	22.9756	no	yes	no	yes	no	no	yes	yes	no	37.0187951136207	-9.24205792844272	-20.1902249167241	-0.783203675447647	-4.90139675181034	-15.1076205855172	7.25138479965741	-2.42057324340939	12.2172559583621	6.77836168320423	3.66714006822245	4.38412659827454	5.60240847628082	0.367914177507904	3.07489724775648	2.74543229342466	3.94066195924063	2.09833399289764	24.27926	-16.551015	-29.4385125	-11.25301	-5.6460335	-21.282125	1.9497275	-10.539605	8.25123525	50.9307125	-2.15004725	-12.235465	10.7595075	-4.202576	-9.2479375	12.729335	4.96632099999999	16.44341	1.00006833157226	1.00005589214978	1.00008177757357	1.0001933284514	1.00015146490429	1.00017119632839	1.00005762637516	1.00018148884209	1.00016460068478	58051.4101941152	38813.6194663483	57761.9195681507	36308.5562211192	76991.7577955562	38381.6356513193	38236.0683833049	35531.9627847902	37936.9723660437	58693.7080408055	54196.7195881277	55504.839075137	45679.2185451553	69007.6583390087	49825.9896816066	53687.450914201	44919.7205713759	49869.6237413045	no	no	no	yes	no	no	no	yes	no	11.1307	22.869300000000003
Fiji	1.0000418139255836	38958.09902733426	49990.81160936945	4.2	4.2	22.586	-14.585999999999999	14.585999999999999	36.619170587931	-5.55966775070452	-20.7547549901724	-3.06734139355374	-4.08014916965517	-17.3488158794828	4.39501461762083	-0.567966300108409	13.846520965	6.62038342489994	2.78923913248147	4.30492867816351	5.02568337354734	0.347996204808962	3.18269021394909	2.00492016918437	3.48757659121333	2.1870737388024	14.2676	-17.1431	-43.1702	-23.1914	-5.505	-31.1429	-3.79923	-15.9571	5.23508	67.3802	6.3264	-6.67863	18.8461	-2.65391	-4.48988	13.2582	13.4998	23.2013	no	yes	no	yes	no	no	yes	yes	no	36.5624232662931	-5.54511624325283	-20.7219310958621	-3.04378950397715	-4.07972046862069	-17.3490645217241	4.38580557954697	-0.581090746970997	13.8466311198276	6.59498971943174	2.78239190547918	4.28114238331657	5.03711817141665	0.348122605873851	3.18797271008576	2.00172205059261	3.49590106213745	2.19079873255064	24.0813925	-11.0738075	-29.76061	-12.5902275	-4.77572075	-23.75511	0.522391100000001	-7.675395	9.705895	50.0000125	-0.153618600000001	-12.9148975	7.17702299999999	-3.40971825	-11.2779825	8.39799575	6.0471905	18.2786025	1.00003300034012	1.00003591243834	1.00001847840409	1.00007808846169	0.999998999916081	1.0000464309225	1.00002731529364	1.00007833209739	1.0000597674564	48816.6908490747	35349.7111016004	47559.8130822579	33789.8354818151	54725.0113411725	32128.6031498922	34076.5536731831	32935.244393729	31241.4281732834	52357.1704948952	50373.4913611825	51043.0932093151	45354.1321735717	65053.6901294695	47302.9364778505	49561.1767340282	42997.8700440711	45873.7438599412	no	no	no	yes	no	no	yes	yes	no	22.586	-14.585999999999999
Chuuk	1.0000894218094427	42960.30729327316	53758.70333675667	4.236363636363636	4.236363636363636	4.5685	1.4314999999999998	1.4314999999999998	35.7457840396552	-3.07941449063884	-19.3398640901724	-6.92761700119907	-4.60469632758621	-14.8098970103448	2.31872024034405	2.31539199504279	11.9957839562069	6.22457359268758	2.64141268154994	3.9632653984413	4.62335705400812	0.324607313762451	2.88099414495698	1.89364764395687	3.17019417597948	1.94474237162626	10.6336	-14.8211	-39.1463	-24.3577	-5.94315	-27.8009	-5.20644	-11.0646	3.60821	66.5036	7.31563	-5.42774	13.8102	-3.33228	-2.55435	10.7631	14.4133	21.0709	no	yes	no	yes	no	no	yes	yes	no	35.7305439788793	-3.06682392043062	-19.3271307652586	-6.92740604803955	-4.60691073965517	-14.8136508422414	2.31020594590199	2.31645250735011	11.9967447177586	6.2051904543009	2.64302163159017	3.95017672937995	4.64903196275417	0.324801745517194	2.88634608276184	1.89581072355673	3.19064642153864	1.9497775847889	23.86316	-8.3016685	-27.483665	-15.7150025	-5.2568215	-20.5685175	-1.37511425	-4.11081125	8.25546625	48.1514025	2.0895645	-12.0320975	2.4534035	-3.98164725	-9.24491925	6.071251	8.37663224999999	15.9016	1.00009339603764	1.00013357468067	1.00010026055706	1.00008860667635	1.00003518646859	1.00006355730936	1.00014389816565	1.00009264359203	1.00005367279763	51489.6760377922	38630.6990694748	50216.7270181282	37378.6132161548	64036.8376959387	35519.6260721857	37731.7146076427	36629.1152230537	35009.7566990875	58842.9718773168	52297.8516772154	56838.8349928856	47913.5338250746	70397.9942479996	49725.6013208053	51538.8354769121	47043.3154879579	49229.3911246425	no	yes	no	yes	no	no	yes	yes	no	4.5685	1.4314999999999998
Laguas_yan_gani	1.0000478083421263	44984.24550666629	55262.47121075113	4.290909090909091	4.290909090909091	51.068	-48.068	48.068	23.7547684813966	0.708009929463822	-12.3775731109586	-6.32640234700833	-4.70469847258621	-8.73476322866816	-1.20910077686421	3.42221842300489	8.25948219017241	6.56960641372972	2.47461601771848	4.21387881779277	4.55308203806612	0.307203395711401	2.76190844625734	1.79861194681001	3.06345638352045	1.85550802248004	-4.06898	-12.7708	-35.5345	-25.3071	-5.92715	-21.1667	-8.35263	-10.2351	0.695754	56.5737	10.1864	5.25788	13.4586	-3.41731	2.45409	8.96687	16.2156	16.8033	yes	yes	yes	yes	no	yes	yes	yes	yes	23.7409258824422	0.696048876456138	-12.3650137469931	-6.2876323905959	-4.70384869172414	-8.75472794425028	-1.19998648847845	3.3938516561635	8.27184842775862	6.5436642722078	2.47651452462036	4.19227544839106	4.55050681882973	0.306477661248183	2.77550144098214	1.80091484852917	3.06246891940991	1.86296454200132	11.09103	-4.2430045	-21.03647	-14.92231	-5.3138025	-14.293215	-4.64906525	-2.7771085	4.71389825	36.886425	5.447306	-4.55059575000001	2.8977435	-4.11149875	-3.4419555	2.39882625	9.25062225	12.0187025	1.00006864035456	1.00000432281124	1.00007331242459	1.00007836224569	1.00004427582229	1.00002805663385	1.00001711886794	1.00009023030248	1.0000259556165	51299.9088653877	43919.9507177784	50625.7399147285	38605.8204834814	65038.6936199786	38031.5208432702	42068.1679168464	37564.4964954705	37703.9107030549	58338.3175223652	57221.2977114527	56567.4781866624	51196.4465958836	70648.796318228	49889.2116962089	55233.4423115437	49577.5644676076	48689.686086808	no	yes	no	yes	no	no	yes	yes	no	51.068	-48.068
Pohnpei	1.000068068340946	42703.659462948155	53862.38501649119	4.290909090909091	4.290909090909091	0.2468	2.7532	2.7532	36.68942425	-2.87900520644878	-19.7049850232759	-7.65075565802147	-4.7310163637931	-14.8736444967241	2.11964147926942	2.70459266124766	12.0771739717241	6.16298216029281	2.65612143416565	3.93994706589816	4.63863095029755	0.322000246375527	2.9627118181398	1.88571175161737	3.19485773620917	2.00714116147573	12.2835	-14.1375	-37.5747	-25.1329	-6.13929	-28.259	-5.84242	-14.9762	4.40283	63.4156	7.6592	-5.52411	18.7365	-3.4417	-3.39056	10.3578	14.8856	21.3277	no	yes	no	yes	no	no	yes	yes	no	36.6823848448276	-2.88399394517312	-19.701216225431	-7.63030546523469	-4.73023820258621	-14.8865691619828	2.12411683997944	2.68926419705486	12.0864100377586	6.17366050723983	2.64885544189331	3.9413443955977	4.62868123837633	0.323225673511297	2.9383094409589	1.87997814092564	3.1878756772595	1.99085281922515	24.9159975	-8.143581	-27.8902075	-16.391305	-5.37469025	-20.76591	-1.502591	-3.759962	8.30158775	49.1429	2.242788	-12.445495	1.74059249999999	-4.1093665	-9.26330975	5.85782025	8.744815	16.0971	0.999982855435341	1.00009960114175	0.999985499574505	1.0000906350749	1.00004617672629	1.00009739660628	1.00011302389836	1.00009913373238	1.00009829287871	54600.1631839696	38808.2102233589	53050.9927888472	35321.2866245942	62846.7964775568	33915.183906524	37571.994759562	34601.9556483722	33616.3515537484	59361.3698875457	53987.8175591344	56821.7679263624	46670.8300443967	70116.8230653753	49709.6664002977	53570.5162188317	44993.3418327894	49529.3322136875	no	yes	no	yes	no	no	yes	yes	no	0.2468	2.7532
Luangiua + Nukumanu	1.0000971792486575	43378.273044491754	54541.54054677784	4.3090909090909095	4.3090909090909095	5.2446	-3.2446	3.2446	35.2882665913793	-2.77028963106921	-19.1679703691379	-6.37043502174428	-4.62485718655172	-15.5265054403448	2.30394453978784	1.95722661137825	12.3746701817241	6.13959744164033	2.59156506562901	3.90466359157787	4.50552114388511	0.316809790548968	2.87109783957306	1.82946411377795	3.08763957644799	1.92250706459283	11.6802	-14.418	-38.3643	-22.4597	-6.23041	-27.9964	-4.54756	-12.0303	5.39503	64.6462	7.12402	-4.82848	13.3918	-3.27254	-4.63565	10.3894	13.155	21.324	no	yes	no	yes	no	no	yes	yes	no	35.2780983743965	-2.77108441378973	-19.1611979559483	-6.35794112624575	-4.62540876189655	-15.5320915336207	2.30588570744378	1.94656636258411	12.3795352816379	6.15358338455004	2.59846087898107	3.92239343734904	4.53539968819272	0.317088014172351	2.88025417064061	1.83483576340868	3.1069664540577	1.92877152309232	23.5492975	-7.89983175	-27.3050075	-14.9609125	-5.25118075	-21.255305	-1.23449375	-4.341718	8.71563275	47.681715	2.26690375	-11.9425975	2.8309165	-4.00906775	-10.0055875	5.94301325	7.85307924999999	16.245525	1.00015868671839	1.00011270338722	1.00014467107407	1.00007885906435	1.00004511448704	1.00006441845229	1.00011905030624	1.00009334875604	1.00005776099228	53430.0951721931	39374.4410075748	52885.7350783091	37025.8278649954	61940.3202608302	35934.3548954218	38146.7897633396	36268.9130854189	35397.9802723429	61248.3504695774	54473.0624109601	58773.3945085834	49295.6211070646	66574.2999107928	49516.6772871695	52840.1217373436	48615.5340964378	49536.8033930714	no	yes	no	yes	no	no	yes	yes	no	5.2446	-3.2446
Marquesas	1.0000618462959745	42333.36889854153	52531.26236462981	4.3090909090909095	4.3090909090909095	0.6159	1.3841	1.3841	35.6752647362069	-3.83010678504341	-19.3283880656897	-5.16188278529582	-4.48885010275862	-15.7675980763793	2.96223407130164	0.682157053926897	12.8924572346552	6.16391963784172	2.64994782429203	3.91996683159014	4.77822814952953	0.309996275874005	3.04690784137417	1.87965529120475	3.38250215521524	2.14185465214755	10.739	-16.2076	-40.1654	-23.9261	-5.79558	-28.8926	-5.3476	-14.4927	4.67634	65.3451	7.63992	-4.01482	15.5251	-3.21238	-3.48956	11.9887	14.4481	21.7521	no	yes	no	yes	no	no	yes	yes	no	35.6678718310345	-3.83729152489679	-19.3237283165517	-5.13046252703913	-4.48861100948276	-15.7862257999138	2.96711094626205	0.662332801794452	12.9038363997414	6.12625063127423	2.64313222498107	3.89573674833061	4.78823609467585	0.311704165351126	3.04228125520203	1.87508905755995	3.38825092147171	2.13808295344876	24.0007925	-9.063011	-27.44261	-14.183005	-5.10946225	-21.8759075	-0.682587749999997	-6.19053625	8.86168925	48.10012	1.33219225	-12.132095	4.57706849999999	-3.88913825	-9.9498145	6.69048125	7.105578	17.24321	1.0001185571073	1.00004154975931	1.00008001448454	1.00005658889585	1.00003194403202	1.0000514441001	1.00005296618393	1.00007789443007	1.00004565767064	52483.7568048891	39063.0270907978	51835.2089218133	34639.3767108426	64283.5760538642	33831.0159947944	37942.6601831996	33612.4301681594	33309.2681585135	56253.1056325035	56023.7971522352	55338.8773293175	45094.0439108684	70856.8342647879	45738.0052843442	54739.4024251315	43459.0813079688	45278.2139745113	no	yes	no	yes	no	no	yes	yes	no	0.6159	1.3841
Niu + Tuvalu	1.0000599408378799	44756.40922496566	54421.50765191556	4.3090909090909095	4.3090909090909095	2.2831	-0.28310000000000013	0.28310000000000013	35.3119463189655	-3.27013073552065	-19.1889351865517	-6.56944209261117	-4.54990311310345	-14.7732911460345	2.54879802460259	2.03520465247197	11.9782083001724	6.20655760700346	2.64142556559827	3.95806317394396	4.7277801510829	0.313877480718161	2.98507184584837	1.85543591612363	3.2142145564898	1.99204961473204	11.0819	-14.1625	-43.091	-24.7444	-5.79129	-28.7722	-4.20647	-14.0805	4.04308	71.3871	6.76004	-5.18111	16.3975	-3.07922	-2.20649	10.1165	14.3743	20.8719	no	yes	no	yes	no	no	yes	yes	no	35.300516712931	-3.26826406333582	-19.1861518601724	-6.55164370334116	-4.54823033017241	-14.7851073271552	2.54746100781803	2.0251454371704	11.9864592087069	6.201132831186	2.6435798558838	3.95534990079983	4.71133182705863	0.313883071511235	2.98563799375867	1.85810031296873	3.20337922631553	1.9938519858157	23.462985	-8.46165325	-27.36253	-15.46087	-5.173081	-20.7711025	-1.040506	-4.431114	8.1671395	47.7965025	1.889054	-11.8698	2.99390624999999	-3.94331825	-9.02603575	6.22361	8.09372375	16.00992	1.00004223329515	1.00005150906828	1.00004728699537	1.00009139490257	1.0000198759427	1.00007952465376	1.00006317278761	1.00009412488887	1.00005034500661	55138.3874777772	41193.6747410524	53983.1750059421	37503.609048947	66142.6668188029	35896.4522128698	40154.9563364296	37162.1190213285	35632.6423615415	58288.9899878816	55765.3719366737	56616.2367668866	48474.9571659277	69579.3016319996	49652.4720887431	54352.7820025249	47576.739945451	49486.7173411519	no	yes	no	yes	no	no	yes	yes	no	2.2831	-0.28310000000000013
Ulithi + Yap	1.0000911401422572	43793.78008876183	54050.39615626784	4.3090909090909095	4.3090909090909095	1.0174	0.9825999999999999	0.9825999999999999	36.1086116287931	-3.41039028104029	-19.6414110574138	-6.70048182808614	-4.59209149206897	-15.0743809155172	2.62274002620998	2.14251322758814	12.1442264155172	6.23838743210041	2.61495464793232	3.97644732848757	4.61810119112822	0.316538865731154	2.92241016188347	1.85483411320102	3.16807715861499	1.9678196588377	8.61617	-16.3252	-39.7459	-23.8692	-5.9079	-27.9443	-4.19683	-10.977	4.48588	64.3905	6.57969	-4.13913	12.4628	-3.30063	-3.22692	11.5863	14.3168	20.7174	no	yes	no	yes	no	no	yes	yes	no	36.0822083137069	-3.39268663390115	-19.6245181500862	-6.70237516556671	-4.59210802137931	-15.0750708525	2.61057748829639	2.14550000944864	12.1436776608621	6.2451596870797	2.61386248230437	3.98134826628847	4.61040896412948	0.31627342578916	2.90596033982598	1.85334301623619	3.16075995214672	1.95621134030961	24.158795	-8.592631	-27.9253025	-15.3949075	-5.224381	-20.9228025	-0.966181574999997	-4.260723	8.42253975	48.75692	1.6862915	-12.2887875	2.6073365	-3.98287975	-9.52501125	6.3095615	8.1403435	16.103005	1.0000324845748	1.00016153574324	1.00003022579632	1.00007659097613	0.999993813631064	1.00013400530892	1.00015639052541	1.00007584126523	1.00015937345919	53706.7321941599	40330.1330161742	52984.7673233909	36731.3923702759	64541.1049637653	35678.6838108864	39191.76255388	35832.5758844262	35146.8686818977	58255.3127502936	53786.1255731094	57923.5219332022	47800.1031273155	70930.9459622431	48423.6926920693	54162.2087851226	46411.5878755883	48760.0667074665	no	yes	no	yes	no	no	yes	yes	no	1.0174	0.9825999999999999
Woleai	1.0000947157156863	41380.52659248637	54885.820803626586	4.3090909090909095	4.3090909090909095	0.5494	1.4506000000000001	1.4506000000000001	36.4068881413793	-4.17425988194978	-19.861946997931	-5.42868657820859	-4.5736661137931	-15.8133630641379	3.13191599007243	1.33646279608736	12.6014106758621	6.40339269931692	2.67247722327299	4.08382214197842	4.76447028157754	0.311657146529374	3.00582875254878	1.89363746222162	3.24618712673404	2.01264711513698	12.9549	-16.6255	-39.8029	-21.4648	-5.91413	-33.1792	-4.53532	-12.5652	4.54432	66.65	7.07278	-5.69205	16.1225	-3.3282	-3.93343	11.8699	13.4612	23.834	no	yes	no	yes	no	no	yes	yes	no	36.4216545040517	-4.18083257272179	-19.8736296555172	-5.41501584183371	-4.57262796603448	-15.8313499673276	3.13762341338259	1.32579997273409	12.6141159267241	6.38884916738037	2.67912474418388	4.07282864643873	4.7752332783164	0.313175527600021	3.00138718357019	1.89785212211025	3.25229999128755	2.01077798153149	24.219095	-9.45541125	-28.3360025	-14.43815	-5.194682	-21.813805	-0.513434949999999	-5.24280325	8.76991975	49.351495	1.0064295	-12.3669375	4.25360199999999	-3.9693895	-10.0753975	6.90991225	7.52232125	16.6494125	1.00002659755183	1.00008269264063	1.00003096521444	1.00016562744305	1.00010680280109	1.00008741450972	1.00009793653239	1.00015912022094	1.00009528452708	51997.6688122364	35952.3875068008	50963.0357501384	34990.658852252	65492.2407472	31925.9499619008	34648.6845395017	34447.3574456112	32006.755716736	57010.2915753827	53964.588377975	55324.0234607987	49602.7953100839	71774.2741243293	52498.7969380356	53558.2708722464	48061.2972398768	52178.0493339108	no	yes	no	yes	no	no	yes	yes	no	0.5494	1.4506000000000001
Anewetak	1.000094733035406	44423.16278796098	54598.10650486595	4.327272727272727	4.327272727272727	0.0457	0.9543	0.9543	36.5622079656897	-3.63235497593129	-19.8982207060345	-6.64232844524474	-4.61684559982759	-15.2717007015517	2.78646122860822	2.0911369506681	12.2551151515517	6.26292606970337	2.6377926313857	4.00739852847213	4.64234575024803	0.316656708455249	2.92790819091259	1.87242103953625	3.17961334085154	1.9683281846162	9.54771	-14.2596	-40.0587	-24.1321	-6.02317	-29.0108	-4.7559	-12.2989	4.96113	64.671	7.55163	-4.57209	14.2073	-3.35285	-3.82943	10.9387	14.7456	21.3365	no	yes	no	yes	no	no	yes	yes	no	36.5582371931897	-3.64023635167769	-19.8988734202586	-6.61658853325774	-4.61584115560345	-15.286682212069	2.79300697792322	2.07506015833695	12.2644089425862	6.28797292800085	2.63716222289758	4.02323531604239	4.63844311567253	0.315948271159884	2.91612702760614	1.87090583649395	3.17581948952763	1.96119598630284	24.6421925	-8.856552	-28.285505	-15.438305	-5.24322	-21.1223075	-0.822238375	-4.31056375	8.52711825	49.295755	1.49102425	-12.5257975	2.7356745	-4.0061195	-9.684425	6.5091605	8.16536675	16.2059025	1.00006055381523	1.00018600043585	1.00001690916784	1.00006044589302	1.00009483418128	1.00009117716804	1.00019442273552	1.00005848679858	1.0000897671233	54252.0779688772	39910.6499659409	53516.4122295374	36614.9724636752	70045.2589000076	35431.1774594291	38993.9692583538	36007.6892769414	35036.2575688863	57164.9242474874	55683.7564657105	55542.9083676887	48109.000321528	73884.8530997657	49399.6416535112	55117.9842867429	46818.0306997558	49661.8594016035	no	yes	no	yes	no	no	yes	yes	no	0.0457	0.9543
Aotearoa	1.0001050638936286	40168.490477528445	50086.042193397734	4.327272727272727	4.327272727272727	67.4816	-66.4816	66.4816	22.0667623524402	-0.657786177710224	-9.53074042256295	-1.38680047376264	-4.65375841465517	-13.9667431565517	0.688714402899479	-1.71046868228188	11.4096237344828	12.0734069641714	3.24691826858159	8.42221202787948	6.48706062001954	0.321879412040629	2.960945524582	2.29482018429857	4.51511206120833	1.99632514820062	-38.1282	-14.0162	-40.1822	-23.7273	-6.12249	-27.0971	-8.35364	-24.8553	3.75455	67.2257	12.0184	32.5575	31.3108	-3.38109	-2.94738	10.3246	13.67	20.0805	yes	yes	yes	yes	no	no	yes	yes	no	22.0271719350212	-0.663271682989117	-9.50465768077422	-1.35173605184269	-4.65144894060345	-13.9668767717241	0.691698391989208	-1.73578815670955	11.4115793893966	12.1222329515798	3.25327667206257	8.45667050834073	6.50252515391001	0.320232187656775	2.96576775592033	2.29812467409225	4.52704657511878	1.99934816360179	-3.3613525	-6.95501075	-25.2293875	-12.993765	-5.2850005	-19.910105	-3.8432025	-11.29721	7.5843055	44.31131	5.79662124999999	8.01505524999999	12.48916	-4.03228975	-8.25145575	5.1581565	6.407777	15.4231	1.00008532849822	1.00014124752948	1.00009329929056	1.00006135767714	1.0001198719103	1.00010689624977	1.00016268365119	1.00006224262405	1.00011264761194	36376.4335652828	37702.6576239804	36132.6997856574	37780.5896413088	60238.943671082	39107.1822032428	37579.4131454685	37806.6307846712	38791.8638770622	45296.7905024506	51405.6484046517	45014.4114776841	42408.1649655289	67539.5490033826	52392.9790984358	52213.9392908453	42429.4786817358	52073.4183158648	yes	yes	yes	yes	no	no	yes	yes	no	67.4816	-66.4816
Banaba	1.000078124088748	43006.07585584724	54696.98377354723	4.327272727272727	4.327272727272727	0.0974	0.9026	0.9026	36.5018152418966	-4.1010730753053	-19.9462823348276	-5.68746177177595	-4.56666931310345	-15.7711814272414	3.14595889729615	1.45162601359269	12.5773290112069	6.38808268851542	2.64629989411791	4.07252572635919	4.70618140634337	0.312153312157043	2.96195866535215	1.8785302661912	3.21488148874353	1.98727196021302	6.73694	-15.8754	-41.6623	-24.2692	-5.9462	-28.4013	-4.68384	-12.5584	5.05641	68.0515	5.96176	-2.7184	14.1927	-3.38296	-4.6695	11.4375	14.6189	21.0614	no	yes	no	yes	no	no	yes	yes	no	36.5505634899138	-4.11836402819526	-19.9751617562931	-5.69330293068016	-4.56825160215517	-15.7790483875862	3.15678080446107	1.45351618912136	12.5836598949138	6.37982053065508	2.65027460563015	4.07097714855852	4.72212357482846	0.311714572115432	2.95437823714159	1.88161771747792	3.22869759716379	1.98341116220512	24.4449625	-9.3974605	-28.4239025	-14.692805	-5.18677075	-21.71271	-0.468794825	-5.07736575	8.79054525	49.4387725	1.015244	-12.48339	3.8997325	-3.96566925	-10.0970925	6.92424175	7.61145474999999	16.58671	1.00006864800903	1.00005963963917	1.00005245710173	1.00006085269001	1.00002759315462	1.00013611604848	1.00005575557631	1.00006345973295	1.00017859484644	50743.044395356	38992.1408198036	50302.2479252788	36609.0161997929	63146.6235893748	36548.0228803381	38329.364734271	36203.5152309734	36180.7069274364	56364.216118351	53898.6630673629	55140.0516089946	50640.6782116083	70548.1935430155	51507.6187212105	53267.3080968796	49522.2401036819	51383.8844908206	no	yes	no	yes	no	no	yes	yes	no	0.0974	0.9026
Bellona + Rennelle	1.0001537774882867	42477.80016241774	53424.65419001665	4.327272727272727	4.327272727272727	0.7317	0.2683	0.2683	35.7154559436207	-3.39938489174426	-19.4324015198276	-6.50641079702988	-4.5643531337931	-15.0039327139655	2.63095972821653	2.00983006762995	12.1084057525862	6.29349332729335	2.62520298142278	4.00767481254656	4.63372484400084	0.314182462479087	2.91480123209857	1.85982075211304	3.17794159684636	1.96235352779526	7.72845	-14.2889	-40.7572	-24.3737	-6.12459	-31.1353	-4.09777	-14.7425	4.17694	68.0347	6.44338	-3.27113	17.6525	-3.34242	-2.9034	10.3852	14.4478	22.9566	no	yes	no	yes	no	no	yes	yes	no	35.6955399202586	-3.37808609157197	-19.4201539426724	-6.53280972794506	-4.56499517051724	-14.9842125239655	2.61628651027005	2.02752902819565	12.0965221723276	6.28956501407271	2.62870103966356	4.00808380209914	4.64089390766476	0.314024081103487	2.91219082493892	1.86274560040833	3.18032650611994	1.96027345928723	23.8149	-8.588682	-27.762805	-15.33434	-5.19058025	-20.7950025	-0.983330449999998	-4.336411	8.3604415	48.43901	1.729921	-12.08516	2.75921874999999	-3.96100975	-9.39078375	6.32985525	8.0875405	16.0284025	1.00014664473825	1.00028329591613	1.00015465228141	1.00009252026164	1.00005803950738	1.00016286319527	1.00025457618671	1.00008685448675	1.00014455082105	53625.4894977939	38380.7941906917	52660.6065733181	34659.5950999646	66306.8085508251	33039.081761187	37192.8488210437	33912.1476013431	32522.8293655924	56744.8746207262	55538.3974404606	55659.228820029	48456.6982901477	70909.5695490343	47638.5077453013	53201.3868518215	46831.5532040997	45841.6711885295	no	yes	no	yes	no	no	yes	yes	no	0.7317	0.2683
East Futuna	1.0000810000451166	43714.63077627586	52846.84530695211	4.327272727272727	4.327272727272727	0.4978	0.5022	0.5022	35.7136820793103	-3.36545492348321	-19.4345455617241	-6.54122289355467	-4.57114739931034	-15.0220052917241	2.61333847294607	2.03873868313994	12.1143459905172	6.30712589745793	2.61637961315707	4.01492048439531	4.62549351616616	0.314197122805163	2.90175761453113	1.85692794212532	3.1648141205426	1.95116278102796	10.3678	-14.7671	-40.9452	-23.3032	-5.9427	-28.4579	-5.81374	-14.127	4.91513	67.3688	10.6574	-4.32501	17.5934	-3.31199	-3.90978	10.8162	13.8923	21.2415	no	yes	no	yes	no	no	yes	yes	no	35.6837980534483	-3.35593443922073	-19.4201491017241	-6.53726033587923	-4.57079679637931	-15.0137139094828	2.60757838752289	2.03808661880408	12.1096504359483	6.29206314142061	2.6137905103016	4.0063847214662	4.63223390354219	0.313127445779011	2.90505089256459	1.85316963764131	3.17014861260181	1.95498224567015	23.6456475	-8.57087175	-27.7912	-15.3244675	-5.19556025	-20.8205025	-0.984280549999999	-4.359282	8.3812595	48.45711	1.73382025	-12.0204	2.82957149999999	-3.96257975	-9.4285985	6.33313475	8.04944049999999	16.0663175	1.00008488613708	1.00009353268026	1.00008405369583	1.00010997868691	1.00003764674223	1.0000484253778	1.00009720653965	1.00011691903747	1.00005635150882	51884.6853757159	39869.3903735813	51186.3122488751	38203.6872960155	63612.8640426898	36399.0962156931	38799.2924699417	37553.6490112348	35922.6999527353	55327.5636075889	53681.613861812	52012.0822671072	48556.7343387653	67003.6472019481	49376.3243036924	53577.9565455828	47324.7351787905	48760.950457282	no	yes	no	yes	no	no	yes	yes	no	0.4978	0.5022
Hawaii	1.0001096284645756	43121.07474437026	53939.9186299138	4.327272727272727	4.327272727272727	0.0623	0.9377	0.9377	35.6746185103448	-3.16082678330789	-19.4103557789655	-6.52232826717719	-4.60644720517241	-15.0953254206897	2.45011393175004	1.99804078684955	12.2287746175862	6.26538757831198	2.60956664353571	4.0060609689769	4.65137168247022	0.316366158084343	2.90506240126741	1.84734117549747	3.19469175321831	1.97013834216008	12.5114	-15.1177	-41.977	-24.111	-6.22408	-27.2664	-5.37246	-13.1052	4.19912	67.335	8.71915	-5.45155	15.3542	-3.32361	-3.21313	11.6308	14.1068	21.2757	no	yes	no	yes	no	no	yes	yes	no	35.6831237503448	-3.17528001623883	-19.4155418156897	-6.50114333044036	-4.6059833137931	-15.1066373031034	2.45962600201603	1.98466177234808	12.235469534569	6.27413034717263	2.61264197105533	4.01391733500227	4.66688272098767	0.313794622805502	2.91080406503607	1.8502699382114	3.20462417657767	1.97460075058547	23.8204825	-8.3431365	-27.796015	-15.2945225	-5.2296905	-20.9288175	-1.1292395	-4.485197	8.4803055	48.399045	1.92114575	-12.0817975	2.92191474999999	-3.9960995	-9.522018	6.12631225	8.02968574999999	16.2137075	1.00012668897088	1.00010895865023	1.0001056910456	1.00008421832092	1.00003651678495	1.00016471252415	1.00010215087295	1.0000886264995	1.00016909251199	51420.8092647918	38018.1411716687	50515.5536615339	37303.0854830396	65461.2479893675	35952.169049636	37176.0819110284	36601.1779217432	35641.406246523	55830.9111098797	53612.3525933705	54174.4252490059	49575.7194779719	70020.0797487932	50555.4250827142	53556.5901171654	49094.4287096905	49039.3355806329	no	yes	no	yes	no	no	yes	yes	no	0.0623	0.9377
Hereheretue	1.0000662177339872	44248.114767050276	54502.4592992592	4.327272727272727	4.327272727272727	0.6753	0.3247	0.3247	35.2342886005172	-3.20415733781464	-19.1506865446552	-6.62596734954671	-4.55730134741379	-14.7484923374138	2.50219094437116	2.0924809450103	11.9557148727586	6.17617356281396	2.62500320871951	3.92539603562812	4.6468166531622	0.312709457501225	2.8823266338985	1.85367924842481	3.18379193626588	1.94596521465705	9.6053	-13.8748	-39.3765	-25.182	-5.99338	-27.7951	-5.03796	-11.235	3.85152	65.2432	8.08118	-4.6101	12.5292	-3.27948	-1.85658	10.4281	15.5344	20.9697	no	yes	no	yes	no	no	yes	yes	no	35.2652249606034	-3.22156557090436	-19.1729147262931	-6.60542921846763	-4.55725773612069	-14.7706358648276	2.5144186104135	2.0791443995849	11.9704019609483	6.21978857288067	2.62764468748511	3.96097839319093	4.65459437075367	0.312969556761387	2.88930158031146	1.85600991771109	3.18809438051733	1.95129213372526	23.4937075	-8.4042445	-27.3799225	-15.36735	-5.1791305	-20.549505	-1.0868955	-4.32966175	8.250489	47.8300375	1.889933	-11.9124	2.76759074999999	-3.95204875	-9.21389625	6.194131	8.098956	15.9127025	1.00005037094811	1.00004488928185	1.00005129562987	1.00003395939579	1.00008754564033	1.00012148245003	1.00004884280035	1.00004179892688	1.00011577453267	52949.1019525267	39994.0022675436	51808.0132428337	38435.0554061192	63976.9798039439	37314.1236047364	38956.3718462095	37791.9321675983	37007.4526119412	59820.5357663154	55098.7292032363	57047.783485417	49182.1657638752	69463.9504753517	48445.5073322124	54855.1745724607	48236.5338817941	48371.75321267	no	yes	no	yes	no	no	yes	yes	no	0.6753	0.3247
Kapingamarangi	1.0001074107130077	43096.15436821144	52956.46341560685	4.327272727272727	4.327272727272727	2.1783	-1.1783000000000001	1.1783000000000001	34.7464327691379	-2.78043961569562	-18.8320585843103	-6.51434885472407	-4.57221540413793	-14.8374071298276	2.19452293251363	2.05853534259867	12.0136256574138	6.1414134190452	2.67419015699369	3.92379475947461	4.60604378157906	0.314758289025093	2.86353327225877	1.8965079984096	3.16415888000658	1.94065656890658	8.97242	-13.8194	-37.9884	-23.2856	-5.81909	-29.7247	-5.71023	-12.6592	4.10855	61.6761	7.76066	-3.80235	13.9443	-3.14809	-2.09853	10.4215	13.6182	22.5266	no	yes	no	yes	no	no	yes	yes	no	34.7109873975	-2.75051025164792	-18.8051956453448	-6.53123538018078	-4.57436197551724	-14.8246628493966	2.17338438521824	2.06758139435705	12.0072883400862	6.20515454596026	2.68382395237193	3.95993028613332	4.57907605937886	0.314026753734666	2.84277439188263	1.90161147728024	3.14486705522303	1.926910158982	22.8239975	-8.0136485	-27.0316175	-15.245805	-5.1945115	-20.5355325	-1.516323	-4.23824025	8.33038875	47.27618	2.49218324999999	-11.4647675	2.6735415	-3.97071925	-9.3730885	5.9319015	8.072867	15.896205	1.00005369291265	1.00011260921507	1.00005138167107	1.00013209696955	1.00009156954107	1.00014528641607	1.00012393901411	1.00010784502894	1.00014827564855	52437.3564168872	40650.9118240652	51516.077610254	35515.9736451623	62653.223975396	35461.3021548504	39645.0292114597	34941.6530390464	35043.8614367817	56629.3729107305	55424.6784033995	54478.4757781879	47881.2239854515	68845.6700344034	47046.9612769984	54000.9157561669	46172.6716624876	46128.2009326359	no	yes	no	yes	no	no	yes	yes	no	2.1783	-1.1783000000000001
Kosrae	1.0001252167048202	42779.57948807608	53178.51764815634	4.327272727272727	4.327272727272727	0.0926	0.9074	0.9074	36.4357463293103	-3.37877922093974	-19.7767461575862	-7.07987141032624	-4.62148367741379	-14.9491018884483	2.58913441317092	2.36122902753759	12.0677774132759	6.20311584853686	2.59396154343323	3.95893091977919	4.58639097747434	0.314355021085474	2.87999619996084	1.8368684704649	3.14227138795177	1.94046126544321	12.6551	-14.4215	-41.9958	-26.7691	-6.09249	-27.9881	-4.50736	-13.7629	4.56295	67.4242	7.08195	-5.50676	14.867	-3.4649	-3.79129	10.223	15.4663	21.1041	no	yes	no	yes	no	no	yes	yes	no	36.4538605818965	-3.39244266067108	-19.7878550610345	-7.06323434842478	-4.62170672939655	-14.9627286121552	2.59825292565689	2.35027908551876	12.0762186682759	6.22145378612789	2.61376474720764	3.97220945209203	4.59939019532569	0.315262429060403	2.88575653714684	1.85125801284734	3.15180496001777	1.94492718094641	24.5802875	-8.5905125	-28.0448625	-15.761125	-5.25024025	-20.74451	-0.976310875	-4.0623125	8.3679235	49.0309025	1.65879425	-12.4910975	2.30659749999999	-4.01107	-9.42232425	6.28986725	8.34366125	16.00343	1.00004261030482	1.00017428702578	1.00004438587552	1.00011819054773	1.00002251796924	1.00022717029316	1.00016026288948	1.00011779110728	1.00021973433037	51939.5298633898	38043.8401874958	51308.3520741625	35758.9501329381	66828.5889088118	34600.1446975178	37136.4556646324	35169.6826016533	34230.6712620834	55888.955995086	52911.9747950538	54704.7085010203	48181.3389441654	69407.246578133	48806.1792189023	53245.055556905	47250.6831370697	48210.5161070715	no	yes	no	yes	no	no	yes	yes	no	0.0926	0.9074
Mangaia	1.0000879692475226	43086.32981159367	53855.243960852116	4.327272727272727	4.327272727272727	0.4553	0.5447	0.5447	35.15971259	-3.01369903132026	-19.1082625943103	-6.9830810048055	-4.57047144344828	-14.5815990017241	2.3944530256303	2.31640690984353	11.8480119684483	6.20387252454784	2.64022049411551	3.94615217872904	4.67997274666996	0.313029442295369	2.89155234469358	1.85815956272931	3.19710047437459	1.94909255516537	7.57057	-14.3804	-37.7762	-25.6372	-6.0833	-29.9886	-5.1843	-14.3835	4.77417	62.7151	8.05689	-2.79372	17.5973	-3.34754	-3.99434	10.262	15.9999	22.9509	no	yes	no	yes	no	no	yes	yes	no	35.1525901398276	-3.00010831006313	-19.0996617538793	-6.99867474198654	-4.57195285189655	-14.5723704802586	2.38432776441187	2.32609196790947	11.8419315743103	6.20892802376999	2.64981353401991	3.94947255816793	4.64452858147843	0.312892359896196	2.89190417976522	1.86579790606333	3.17590021165088	1.94980008831254	23.3159925	-8.25094075	-27.3540275	-15.8266025	-5.19669275	-20.36943	-1.21369175	-4.11412125	8.115275	47.62143	2.135613	-11.8225975	2.42821175	-3.969478	-8.99415475	6.09281075	8.38286475	15.77282	1.00011608955164	1.00013544524765	1.00012564523284	1.00011802721794	1.00003636950534	1.00002789993618	1.00011977681636	1.00008900266962	1.00002346705013	51267.3771973296	39967.5599420399	50444.1438315802	36836.5481164495	64839.5789288595	34780.3922170907	39026.6237321591	36194.3181019996	34420.426236835	56910.9367349001	55735.541333004	56102.5798547534	48227.960201645	65989.3622506344	49856.7029233397	54500.1894595727	47863.6703426228	49510.2525471971	no	yes	no	yes	no	no	yes	yes	no	0.4553	0.5447
Mangareva	1.0000802491118423	43839.52411590667	55060.41140273625	4.327272727272727	4.327272727272727	1.3878	-0.3877999999999999	0.3877999999999999	35.5565774906897	-3.39817293217998	-19.3147959994828	-6.51973906904755	-4.54979710206897	-14.8350283081034	2.61248144622165	2.01875027875026	12.0033320744828	6.19210254765564	2.60982275618672	3.94987888195838	4.54912807947774	0.311018387616512	2.84476033080498	1.84747013159517	3.11923438816155	1.92065068641146	6.30725	-14.2538	-38.2745	-25.6689	-5.89619	-28.2981	-5.03176	-13.5429	4.6034	65.1326	7.77094	-2.63653	17.4368	-3.30704	-4.34379	10.5574	15.2201	21.3199	no	yes	no	yes	no	no	yes	yes	no	35.5511437412069	-3.39496143521964	-19.3107393319828	-6.53304330474032	-4.54991841387931	-14.8227206316379	2.61035767873628	2.0269522395891	11.9954626708621	6.22122309364998	2.62452776448643	3.96787788931973	4.56272621794431	0.31017296808719	2.85839844520202	1.85714194279721	3.12772942008355	1.92976751325981	23.731975	-8.59062425	-27.6148	-15.1961175	-5.16638025	-20.5255125	-0.979517124999999	-4.24331	8.32521775	48.20511	1.7018575	-12.0080975	2.66722199999999	-3.95038975	-9.33827875	6.31581449999999	7.977592	15.8756025	1.00008995676651	1.00012867771759	1.00009361863646	1.0000413570224	1.00005834693386	1.0000692416424	1.00011836627235	1.00002020548297	1.00010247153203	51900.0347592636	39270.5689181445	50951.4047322897	38161.2862863232	65424.0407538811	36796.1535723443	38228.5414249428	37447.1513109923	36376.5352849787	56595.32978372	56258.3440413416	54426.7479256913	49508.3634332601	70832.9421471219	52891.4539882815	54286.556071471	48412.0841371607	52331.8810965782	no	yes	no	yes	no	no	yes	yes	no	1.3878	-0.3877999999999999
Mangarongaro	1.0001176365612567	42241.68123892111	52551.89246123549	4.327272727272727	4.327272727272727	0.702	0.29800000000000004	0.29800000000000004	35.4749099277586	-3.32845685318199	-19.2785223808621	-6.66891866597838	-4.55476243672414	-14.7131995701724	2.56480774606396	2.11556581631267	11.9368530798276	6.28033133919292	2.6121276332588	4.00549883254474	4.66020754971632	0.311209896426233	2.90438077377545	1.84811050567224	3.18766603069627	1.96008344682871	9.24151	-15.1352	-39.5645	-24.3994	-5.9422	-28.2113	-4.9118	-12.1879	4.57075	65.5242	7.43768	-3.76778	14.3394	-3.3296	-3.31719	11.2949	14.4807	21.3231	no	yes	no	yes	no	no	yes	yes	no	35.4537043638793	-3.32651079416765	-19.2625374887069	-6.64866486974483	-4.55575079198276	-14.7215567268966	2.56270404283543	2.10268848939922	11.9419004422414	6.23065596666203	2.60613821043503	3.97329230703594	4.64638343596818	0.31293366668601	2.89650308746069	1.84609620612816	3.17863439222385	1.95318019120253	23.6486825	-8.4890465	-27.5838075	-15.44951	-5.18082	-20.513705	-0.980113125	-4.33539875	8.206643	48.06305	1.71519375	-11.96526	2.77549274999999	-3.95467	-9.1427365	6.22760949999999	8.15065725	15.8581025	1.00003931131394	1.00015336181824	1.00005387351497	1.00012896955188	1.00007423728919	1.00016855951068	1.0001755195262	1.00011641148868	1.00014848503753	50019.4750695458	38399.7659926894	49089.3365008279	35352.4191374021	66095.5015713662	34913.017954003	37208.0324805126	34640.3484636693	34457.2339802736	53416.5061702626	53885.8507462846	51533.8900100727	48009.4300113754	69337.8904497484	49430.824940231	51980.6567311898	47035.6985929402	48336.2844990147	no	yes	no	yes	no	no	yes	yes	no	0.702	0.29800000000000004
Marutea	1.0000744028508266	42145.61339735171	51647.166201616674	4.327272727272727	4.327272727272727	1.488	-0.488	0.488	35.5249429551724	-3.40576782601378	-19.287528595	-6.48580448544407	-4.54832551051724	-14.8406468627586	2.61918750402754	1.98747230475077	12.0095710937931	6.19352597699277	2.61197282248087	3.94836932961807	4.57131176693655	0.308394811696976	2.88122134138062	1.85008655781666	3.13661470694825	1.94654701124442	11.7878	-14.0631	-39.6073	-23.1729	-5.80911	-27.6085	-4.53559	-11.0324	4.6664	65.1835	7.57193	-3.87004	12.9577	-3.27966	-3.94917	10.3187	13.7348	20.6589	no	yes	no	yes	no	no	yes	yes	no	35.5200344396552	-3.39339941040605	-19.2876794113793	-6.50241108668178	-4.54857322353448	-14.8352883731897	2.61220748438327	2.00044087278298	12.0051096372414	6.17562840144456	2.61273617346303	3.93416594863445	4.562204024826	0.308732873803121	2.86929582711406	1.85041263836817	3.12840562773673	1.93733152344179	23.7800975	-8.58249525	-27.4981	-15.1538225	-5.158051	-20.5674125	-0.961330724999999	-4.31202075	8.3060485	48.07951	1.658343	-12.0070975	2.73345499999999	-3.951389	-9.3177985	6.29365025	7.95312725	15.887425	1.00010756185473	1.00007626061782	1.00006374688848	1.00004563822854	1.00006980634887	1.00010152043006	1.00006074060321	1.000059239137	1.00008511154873	49105.0577268741	38897.3618924518	48419.1177034006	35807.1422586417	63051.5629426176	35614.054901177	37992.7268730884	35137.2900270163	35286.206250898	53825.2818682029	52601.68460548	50568.1154019439	46222.2602901156	69451.9076256746	48523.5057482074	51256.1287853481	44347.6167812974	48027.9947082801	no	yes	no	yes	no	no	yes	yes	no	1.488	-0.488
Morane	1.0001005248847121	41331.7107576139	51202.10161148935	4.327272727272727	4.327272727272727	7.2357	-6.2357	6.2357	42.8701370224138	-3.26784105490783	-23.6386116255172	-13.0736819733378	-4.6337655787931	-12.9493551184483	2.31535954964548	6.16782978029872	10.8542395241379	8.66808216534329	2.62038787533995	5.55907871688814	6.393045896782	0.322923180488313	3.01952071518426	1.87317144783368	4.25954673292763	2.02240259422364	12.9581	-14.7958	-50.7944	-40.8414	-6.02293	-26.5182	-5.06328	-11.7947	3.33575	83.6373	8.23902	-6.03182	12.9647	-3.20992	-1.41446	10.6153	25.6171	20.0867	no	yes	no	yes	no	no	yes	yes	no	42.9087595741379	-3.27710832146118	-23.6638486962931	-13.082582660002	-4.63404717	-12.9569266174138	2.32121475135102	6.17314374018615	10.8597944135345	8.67181682740515	2.6174549323571	5.5626349531055	6.38481436115401	0.32103701548757	3.02284387847418	1.87121481197901	4.25322181412955	2.02496786581995	27.4390725	-8.456862	-35.95324	-25.9831075	-5.27633025	-19.0397125	-1.28565075	-2.048853	7.00933675	61.5616175	1.78577525	-14.06246	-0.752725725000007	-4.02075	-7.1976885	6.029046	14.793305	14.9747175	1.0000832480575	1.00009898237612	1.00007367676096	1.0001458098801	1.00006232438399	1.00010750267813	1.00009345770277	1.00014292574284	1.00009679638001	44087.3104234779	43370.4427793859	44617.6786707035	32659.8131764754	62226.1207529977	35562.2967770607	41756.2236833791	32312.2630239623	35393.2475310825	45194.6981576127	57331.296033233	44998.5417097835	45223.5586409168	69769.2157499556	47839.870529983	56941.0858180347	45626.0665867502	47894.5812771347	no	yes	no	no	no	no	yes	yes	no	7.2357	-6.2357
Napuka	1.00004839251353	43896.67696177687	53966.29650023066	4.327272727272727	4.327272727272727	0.3849	0.6151	0.6151	35.584061087931	-3.19730265746418	-19.3366481644828	-7.01960152586836	-4.56852661189655	-14.6066763437931	2.49226280019107	2.31872809877664	11.8755646725862	6.24104915759013	2.63345473449146	3.98527044082689	4.64496154047773	0.313616114737218	2.89920387339617	1.8644139776107	3.18183352844729	1.95659115602805	11.7998	-14.7535	-40.8979	-25.2402	-5.88032	-28.3292	-4.425	-11.2098	4.21087	66.5574	6.82842	-6.08762	14.2657	-3.36418	-2.38509	10.4942	15.3269	21.3332	no	yes	no	yes	no	no	yes	yes	no	35.5837964864655	-3.19785426199717	-19.3373242850862	-7.00282879464043	-4.56823634706897	-14.6209054122414	2.49193295920829	2.30776073150836	11.8857628175862	6.23652877144573	2.6247740297896	3.98191930587988	4.62654503668326	0.313241009488003	2.88435384306225	1.85888541821087	3.16735077130291	1.94621226715799	23.6994675	-8.39163475	-27.644815	-15.809105	-5.19155125	-20.39001	-1.097461	-4.08454175	8.1693775	48.2056125	1.8993355	-11.985095	2.37553125	-3.9658685	-9.07953875000001	6.19665125	8.35370525	15.8063025	1.00000531996577	1.00005783543174	1.00001323144095	1.00007072217737	1.00003604244587	1.00005522832498	1.00005580958423	1.00007601902665	1.00006532422422	53710.1147856523	41655.4108891786	52899.9869685912	35899.5146101192	65102.0949770322	35202.1749624621	40415.149846471	35408.8121700779	34776.8334464074	58205.2154991779	56748.9191990652	56555.4746541076	46165.306929601	67930.7254566543	48721.6843611466	55961.2401511442	46433.999335756	48974.102915423	no	yes	no	yes	no	no	yes	yes	no	0.3849	0.6151
Nga Pu Toru	1.0000752778814634	43142.91808587706	53468.15648137011	4.327272727272727	4.327272727272727	0.589	0.41100000000000003	0.41100000000000003	35.4518436827586	-3.26943674883855	-19.2908557693103	-6.60420454978081	-4.55526654258621	-14.83602452	2.54704535563359	2.05542730242386	12.028983832069	6.26100066478331	2.60820730355071	4.00205068061013	4.5867327576379	0.313460322243364	2.8626231164761	1.84424984675719	3.14493398873602	1.93451237324168	9.6988	-14.7453	-40.081	-23.8476	-5.85211	-27.286	-5.67393	-10.9013	4.12878	66.0379	7.71927	-2.97045	12.7295	-3.32747	-2.56363	10.2466	13.3886	20.3213	no	yes	no	yes	no	no	yes	yes	no	35.4076865937069	-3.24549020528641	-19.2569120071552	-6.60662421263384	-4.55723090637931	-14.827155432931	2.52929723445155	2.05726501138587	12.0228432562069	6.24760961871477	2.61620526402165	3.98621615392369	4.60474179510596	0.313254518428229	2.87204709575659	1.84954033402307	3.15540717278024	1.94024392117146	23.4989975	-8.4270715	-27.5379075	-15.359005	-5.18111075	-20.5886	-1.07662075	-4.30551325	8.320892	48.06841	1.85266574999999	-11.920275	2.6900715	-3.95394925	-9.30524925	6.20117575	8.06170675	15.9336025	1.00001949633477	1.00007903167022	1.00003739613184	1.00010492020473	1.00012250401021	1.0000462512126	1.00010369054429	1.00011752443959	1.00004668638492	52996.6676964099	39869.7455670459	51998.33990373	34989.9624339076	66654.409479001	34635.6590429655	38512.787038335	34354.9111582222	34273.7804532765	58230.8921723313	53745.0281292983	56370.4524537457	47759.855271813	70422.400362305	48092.891330089	52847.9782651122	46525.1135123309	47218.7968353058	no	yes	no	yes	no	no	yes	yes	no	0.589	0.41100000000000003
Ngatik	1.0000658382722654	43990.132833551244	53564.95584987072	4.327272727272727	4.327272727272727	0.0392	0.9608	0.9608	36.6523477534483	-4.23537239383943	-19.9859111282759	-5.59689365339202	-4.58771874172414	-15.7876976896552	3.20661126595871	1.39326262435452	12.5880872286207	6.36207478254239	2.65102162331201	4.06061162994082	4.75078529420119	0.312725068690121	2.9552368381705	1.88333874571934	3.24503840612336	1.98479723485858	11.4996	-15.4726	-44.7326	-24.7702	-5.89527	-28.9853	-4.32597	-12.1455	4.26414	72.1571	6.30169	-4.86681	13.6976	-2.99431	-3.00492	11.0833	14.8927	21.7338	no	yes	no	yes	no	no	yes	yes	no	36.6481657965517	-4.23681962973621	-19.980918442931	-5.60184987088731	-4.58907618810345	-15.7809910521552	3.20882596024181	1.3966738693319	12.5819013651724	6.3540213039772	2.65047983041802	4.05333013135577	4.72927244719859	0.312085075729552	2.94639935049524	1.8821693115367	3.22979284453551	1.97870428761564	24.6394975	-9.4921325	-28.491315	-14.579805	-5.2064825	-21.6725025	-0.432641375	-5.14246875	8.79756	49.53721	0.904988099999997	-12.5348975	4.00324599999999	-3.9848295	-10.1286975	6.96626275	7.54808549999999	16.5549025	1.00008056670316	1.00005789690347	1.00004518186064	1.00006635047186	1.00005287540894	1.00008336185024	1.0000508664444	1.00006726333364	1.00008818147403	53428.4129975183	40120.2048953866	52829.4126623733	36621.736724392	67076.7126075587	35801.239970204	38741.930491061	35896.6038107893	35394.941342678	57153.6337935825	55550.2499710961	55993.9757999555	46410.6729898218	69997.3855851037	49468.2263712454	53858.9797301504	45356.0685883424	48295.4098195387	no	yes	no	yes	no	no	yes	yes	no	0.0392	0.9608
Niue	1.0001354054768883	44330.00745658727	53451.64396466906	4.327272727272727	4.327272727272727	0.3221	0.6779	0.6779	35.6210361603448	-3.16617542438046	-19.3919987663793	-6.88727579979259	-4.58089707258621	-14.8675606489655	2.50670970595709	2.25498912984918	12.0141972144828	6.27134768580223	2.61698038698933	3.99974711799817	4.58723926406828	0.313432941147892	2.8667600243144	1.85022585460486	3.13814227360806	1.92817094014009	10.7801	-13.3866	-39.6044	-24.6026	-5.89014	-27.4325	-4.5445	-13.3463	4.57995	65.014	6.80984	-4.51331	15.4263	-3.32859	-3.73927	10.2789	14.7697	20.7283	no	yes	no	yes	no	no	yes	yes	no	35.6410673624138	-3.19773776669286	-19.4062130990517	-6.83430887361008	-4.57887005422414	-14.9019136725	2.52943296120978	2.2162750762913	12.038353209569	6.24399054313322	2.6134157809332	3.98261444513507	4.61010136946605	0.313575343073687	2.87531736178649	1.8487716405752	3.15531208368956	1.93579138011282	23.8105875	-8.365585	-27.7328025	-15.5673025	-5.20347125	-20.63211	-1.05234325	-4.1315395	8.343036	48.291215	1.8984255	-12.1106975	2.46936075	-3.9754295	-9.38162750000001	6.20987425	8.2101265	15.9265025	1.00017352144658	1.00022699965724	1.0001818889935	1.00006396214712	1.0000640993583	1.0001070330607	1.00021329472052	1.00007885262021	1.00010899728782	53142.1664065994	41709.5604642769	52254.6623663428	36686.4495177263	66092.9889149115	36558.4894009712	40428.6224868479	36017.7330951258	36079.3944564837	52561.5149907192	55932.1521168012	52617.9047928133	48717.7020580727	69375.9125229686	49311.1272572852	54772.2362667921	48300.8151974151	49475.4304791541	no	yes	no	yes	no	no	yes	yes	no	0.3221	0.6779
Nukuoro	1.0000755701080277	45375.58711496202	54393.77484688017	4.327272727272727	4.327272727272727	4.0992	-3.0991999999999997	3.0991999999999997	33.8628269468966	-2.37581553047847	-18.3545935556897	-4.95251537278166	-4.605217155	-16.1824891912069	1.97160331613264	1.09823351740836	12.8644387410345	6.21806285199156	2.61991272796422	3.93546268679461	4.78097418335127	0.314560134027002	3.02954390128809	1.85086026280534	3.25348136905395	2.04521490268926	6.47755	-14.4542	-37.3675	-23.8259	-6.1362	-32.0043	-5.71816	-13.5362	4.9985	61.4298	8.12685	-2.79972	16.5475	-3.40612	-4.34246	10.0792	13.3822	23.3406	no	yes	no	yes	no	no	yes	yes	no	33.8857990510345	-2.38432996692422	-18.3717482969828	-4.95990253769705	-4.60471462094828	-16.1827364880172	1.97842489172307	1.10389253956424	12.8637770099138	6.27399130003842	2.6400647669885	3.97048276153004	4.8173785453503	0.314868007751801	3.03939751274073	1.86532774842159	3.27797497801211	2.05321674406302	21.8618925	-7.602166	-26.6193275	-14.05217	-5.23087125	-22.24716	-1.63104425	-5.56314375	8.96722925	46.4928625	2.735168	-11.0149975	4.8195135	-3.9996	-10.3536525	5.68541699999999	7.31568	16.9987125	1.00010381272695	1.00012194511428	1.00010126462858	1.00006379617981	1.00008912143309	1.00000122687094	1.0001042642246	1.00008696405285	1.00000773574116	53262.5266062249	44252.4462750393	52713.6234767122	36811.1839761213	66655.2398552071	37832.4526799505	43212.8953609467	36435.2548338338	37204.6609706224	59148.4260498124	56411.9381117216	58215.5726985454	46541.7699557229	70528.5551468897	49658.0350423519	55137.0995599777	45324.2374249355	48578.3396319643	no	yes	no	yes	no	no	yes	yes	no	4.0992	-3.0991999999999997
Nukutaveke_59	1.000104877100506	42603.98398920361	53562.53341383194	4.327272727272727	4.327272727272727	1.3998	-0.39979999999999993	0.39979999999999993	35.4982060156897	-3.37736828928108	-19.2779472010345	-6.54383735720138	-4.5509478387931	-14.8047249663793	2.60392670858914	2.03247837524873	11.9819895168966	6.21251985168602	2.62051631767962	3.95821090979997	4.61714901843592	0.311222820893223	2.86466146642418	1.85397588783878	3.16647669123319	1.9333837363951	8.76881	-15.1722	-38.3064	-25.3134	-5.95773	-28.9706	-4.64416	-11.8179	3.52231	64.8274	6.66234	-4.69333	13.4298	-3.213	-2.46713	10.9804	15.4378	20.7971	no	yes	no	yes	no	no	yes	yes	no	35.4957673080172	-3.36913946612155	-19.2751715831034	-6.56518808867961	-4.55191577551724	-14.7890366089655	2.596907419937	2.04912349066261	11.9705948148276	6.19475231108625	2.6178925829221	3.94874450059102	4.61043524214186	0.312157956327751	2.87599306414761	1.85246311928753	3.16091078112719	1.9418438294967	23.65989	-8.50604075	-27.5040025	-15.27461	-5.1713615	-20.5250175	-0.998359025	-4.28603775	8.28626675	48.0142125	1.72869225	-12.0116925	2.71116925	-3.9496185	-9.271039	6.25127849999999	8.0474935	15.8681125	1.00003147664339	1.00005866263141	1.00004823725962	1.00012965460723	1.00001699057779	1.00021376772289	1.00006241062745	1.00013648355784	1.00024621027693	51192.9616881191	38230.4498923596	50386.2051497923	36573.9369510582	64419.2450356071	34951.5782367009	37525.354413939	35665.2912050834	34490.8333301728	55806.4081334346	53610.1388977048	55271.4823812939	50383.3997741076	68001.5598492711	49291.2816842294	52608.7047359729	49377.0682581474	47712.7570103258	no	yes	no	yes	no	no	yes	yes	no	1.3998	-0.39979999999999993
Nukutaveke_61	1.000104877100506	42603.98398920361	53562.53341383194	4.327272727272727	4.327272727272727	1.3824	-0.3824000000000001	0.3824000000000001	35.4982060156897	-3.37736828928108	-19.2779472010345	-6.54383735720138	-4.5509478387931	-14.8047249663793	2.60392670858914	2.03247837524873	11.9819895168966	6.21251985168602	2.62051631767962	3.95821090979997	4.61714901843592	0.311222820893223	2.86466146642418	1.85397588783878	3.16647669123319	1.9333837363951	8.76881	-15.1722	-38.3064	-25.3134	-5.95773	-28.9706	-4.64416	-11.8179	3.52231	64.8274	6.66234	-4.69333	13.4298	-3.213	-2.46713	10.9804	15.4378	20.7971	no	yes	no	yes	no	no	yes	yes	no	35.4957673080172	-3.36913946612155	-19.2751715831034	-6.56518808867961	-4.55191577551724	-14.7890366089655	2.596907419937	2.04912349066261	11.9705948148276	6.19475231108625	2.6178925829221	3.94874450059102	4.61043524214186	0.312157956327751	2.87599306414761	1.85246311928753	3.16091078112719	1.9418438294967	23.65989	-8.50604075	-27.5040025	-15.27461	-5.1713615	-20.5250175	-0.998359025	-4.28603775	8.28626675	48.0142125	1.72869225	-12.0116925	2.71116925	-3.9496185	-9.271039	6.25127849999999	8.0474935	15.8681125	1.00003147664339	1.00005866263141	1.00004823725962	1.00012965460723	1.00001699057779	1.00021376772289	1.00006241062745	1.00013648355784	1.00024621027693	51192.9616881191	38230.4498923596	50386.2051497923	36573.9369510582	64419.2450356071	34951.5782367009	37525.354413939	35665.2912050834	34490.8333301728	55806.4081334346	53610.1388977048	55271.4823812939	50383.3997741076	68001.5598492711	49291.2816842294	52608.7047359729	49377.0682581474	47712.7570103258	no	yes	no	yes	no	no	yes	yes	no	1.3824	-0.3824000000000001
Palau	1.0000370097173041	44215.44798957314	54009.58015581458	4.327272727272727	4.327272727272727	4.3896	-3.3895999999999997	3.3895999999999997	33.6953640401724	-3.38479917496408	-18.4101372017241	-5.60999348941836	-4.42108886051724	-14.4549040839655	2.7065962036224	1.35538768455535	11.8630867824138	6.24212093732669	2.59033159569305	3.94903970103402	4.66833302538125	0.315054683572125	2.86288714882537	1.83365430568554	3.21149979832273	1.94199437278673	9.90443	-16.145	-36.8633	-23.5227	-5.82402	-28.0129	-5.12037	-14.01	4.19648	62.059	7.18428	-4.48466	18.0445	-2.95131	-1.53483	11.8216	14.2775	21.0211	no	yes	no	yes	no	no	yes	yes	no	33.6923923825862	-3.37806750108591	-18.4078238559483	-5.62133043645403	-4.42116071267241	-14.4480253371552	2.70151121665736	1.36338997029689	11.8585452340517	6.2398623689211	2.58605610060349	3.95068719047142	4.65849079353288	0.315956217395755	2.85664076417012	1.83059125458161	3.20382437976579	1.93725464243385	21.7621975	-8.55375225	-26.6280125	-14.4405075	-5.04668025	-20.15763	-0.849424075	-5.15246775	8.16291725	46.30693	1.6522285	-11.121995	3.83455325	-3.81037975	-8.94821575	6.35468375	7.47223075	15.7528175	1.00001277204898	1.00001474666468	1.00001788528429	1.00002880152063	1.00009261569001	1.00004925773396	1.00004854587911	1.00002736721486	1.0000410954192	54602.3442600291	42393.7200559191	53914.9725960358	35648.9562124035	63028.8375601453	36471.4890387045	40950.0452326149	35119.7466860956	35808.9202642105	59809.23723954	55817.5300800303	57688.3433578897	46834.1058601397	67906.1576853941	49871.2903990905	54202.5537975215	46216.5823651187	47740.4206176067	no	yes	no	yes	no	no	yes	yes	no	4.3896	-3.3895999999999997
Pukapuka	1.000060616891028	45417.15521390865	55606.526233197794	4.327272727272727	4.327272727272727	0.4111	0.5889	0.5889	35.6711923344828	-3.24643019011178	-19.3744631225862	-7.10754884178916	-4.57053236465517	-14.5196468939655	2.51316315026844	2.382760012294	11.8136998991379	6.24248816001617	2.63328913755505	3.98555901975182	4.63399225865128	0.311681488499443	2.89894463152743	1.86343993953395	3.17419537385441	1.95593696422604	11.0227	-14.299	-38.4805	-25.1307	-5.92185	-27.5631	-5.37265	-12.3935	3.09485	62.1524	8.54667	-5.07056	14.7593	-3.35638	-1.40228	11.4306	14.8806	20.7171	no	yes	no	yes	no	no	yes	yes	no	35.6502997439655	-3.24395711154963	-19.3620946714655	-7.09958162942391	-4.56927322982759	-14.5195211919828	2.51225408632231	2.3769354477677	11.8135842542241	6.21774950247544	2.62348236436219	3.96841325686948	4.63565941010346	0.311982792312849	2.89535038049546	1.8569670048005	3.17525213325464	1.95280146718552	23.8412825	-8.43352725	-27.6692125	-15.8465175	-5.1923605	-20.2997025	-1.07286475	-4.02906225	8.079467	48.2946125	1.84556625	-12.091495	2.2828375	-3.9663995	-8.9426195	6.2024415	8.394423	15.7546125	1.00004403036743	1.00007519015186	1.00005185631634	1.00007700571915	1.0000232214695	1.00006260690286	1.00005935424375	1.00007361658768	1.00007867026069	53461.8332315444	41194.8599969014	52720.7854132928	39558.2510180586	67014.6303743743	37912.959530108	40241.4689132131	39026.0855065605	37623.5229411247	58774.0894087307	58131.5189234569	56533.8667945183	50916.3699239765	71647.2385346202	49863.084781614	56404.1728726666	49189.1994440605	48999.1954151364	no	yes	no	yes	no	no	yes	yes	no	0.4111	0.5889
Raivavae	1.0000166418691683	44466.27103461621	54290.21214884798	4.327272727272727	4.327272727272727	1.2914	-0.2914000000000001	0.2914000000000001	35.6847755801724	-3.40798552216767	-19.4055431398276	-6.55791218737652	-4.55193838017241	-14.8741837894828	2.62037871455141	2.04441978973603	12.0307974001724	6.3061419954015	2.63506316086744	4.01343444458529	4.63286541295472	0.310453862175199	2.88598457292021	1.85987630068931	3.1759966019348	1.94960837993756	7.74755	-14.2949	-38.8105	-23.1586	-5.84999	-31.0674	-5.1004	-13.6518	4.59224	65.9226	7.41754	-2.85104	16.0369	-3.23893	-4.04527	10.6821	13.247	23.2408	no	yes	no	yes	no	no	yes	yes	no	35.6646717987069	-3.40886973274611	-19.3889780584483	-6.54463442897057	-4.5518903037931	-14.8692553684483	2.61956978409497	2.03384833367775	12.0287987161207	6.29881716522993	2.64563852370772	4.0064748346474	4.62062630370126	0.310577974304033	2.88428754157908	1.86803955236804	3.16925069985186	1.94800714791448	23.712785	-8.63611025	-27.6827075	-15.328925	-5.1688715	-20.6250075	-1.01857475	-4.34925575	8.3349425	48.3184075	1.74476025	-12.0325875	2.76253149999999	-3.95388975	-9.3619005	6.3195255	8.06202675	15.9402325	0.999997915154818	1.00004235564366	1.00000352493089	0.99999671416534	1.00003658087452	0.999997866698595	1.00007342848849	0.999999705140517	1.00000168572568	54626.1643664663	42115.5465510409	53767.8328690594	35609.2222655843	66248.9631523889	36129.2252986017	40942.7891787877	35077.5538860273	35679.1417435895	58976.7013178908	55473.3869727893	57036.4794286093	46509.0716168655	71943.7005886598	49348.6447403506	54935.1316190845	46283.8827210529	48104.9103343291	no	yes	no	yes	no	no	yes	yes	no	1.2914	-0.2914000000000001
Rakahanga-Manihiki	1.0001493338541279	43955.845748533684	54391.71856081302	4.327272727272727	4.327272727272727	0.9402	0.059799999999999964	0.059799999999999964	35.3961297677586	-3.35045893621279	-19.2519401234483	-6.4482692529705	-4.54770257482759	-14.8592298893103	2.59133802899941	1.97533336196	12.0291157918966	6.21798507057005	2.62068982252355	3.96420677424852	4.65873642985266	0.311419665853041	2.89965337092614	1.85628985641616	3.18830933092341	1.95743736623105	8.87558	-14.6878	-39.0283	-23.1269	-5.94984	-28.5764	-4.5396	-13.8098	3.90717	61.9718	6.58732	-3.1815	16.1074	-3.30579	-2.26637	10.7148	13.1923	21.1397	no	yes	no	yes	no	no	yes	yes	no	35.3808889047414	-3.32192393584478	-19.2329576752586	-6.49777176577842	-4.55129764448276	-14.8297140818103	2.57043582727614	2.00703833467449	12.0086991131897	6.21974287438689	2.61139470008	3.96499450408278	4.63349948026494	0.312169822664954	2.88991423783785	1.8490292659631	3.17371771566276	1.95064009834022	23.5605975	-8.493878	-27.4675225	-15.26341	-5.16910125	-20.5841075	-0.994851625	-4.4195545	8.31274925	47.8858025	1.72107375	-11.95038	2.872538	-3.949637	-9.29158775	6.2602225	8.03428399999999	15.9293025	1.00002636879191	1.00007996336097	1.00002965577438	1.00028160529385	1.00007092777844	1.00025175679996	1.00007918342124	1.00027367418508	1.00025086928133	52844.2834313976	41526.6581195091	52271.9242806041	36476.6926553717	63400.5362912286	36633.491579566	40261.149858316	35916.5042264837	36271.3712943264	58504.344514422	55928.3334477918	57354.7417239169	48193.8496785575	68614.5370725444	49399.7331631468	55426.5320955949	46734.9154456983	49368.4799056446	no	yes	no	yes	no	no	yes	yes	no	0.9402	0.059799999999999964
Rapa Nui	1.000085583193829	42660.55294012677	54014.13583167883	4.327272727272727	4.327272727272727	0.3979	0.6021000000000001	0.6021000000000001	35.0791683568966	-2.91652989869342	-19.0592861798276	-7.14770200611379	-4.57000393982759	-14.4571480208621	2.33291536290078	2.41025672861441	11.7795620101724	6.22373267317324	2.65840875622144	3.96788060625534	4.66343117671038	0.3147497649717	2.88470919556198	1.87090518406791	3.18864978344686	1.94512990639343	11.9731	-14.3189	-39.6291	-27.4406	-5.92444	-27.1593	-6.17984	-12.7016	4.64538	64.6499	8.93373	-5.57933	14.7837	-3.25719	-3.95368	10.2733	16.6356	20.0552	no	yes	no	yes	no	no	yes	yes	no	35.0982777977586	-2.94081849287959	-19.0768606464655	-7.10685796058957	-4.56784966103448	-14.4856607964655	2.35088232200525	2.38220569661575	11.7995216861207	6.22719223530065	2.65470165594971	3.96784194704383	4.6458969736198	0.311890584163161	2.8857989299764	1.86880181929322	3.17633806928823	1.94589421836762	23.1791875	-8.174603	-27.3359125	-15.8766	-5.19013025	-20.265	-1.2628705	-4.0349735	8.09255575	47.63483	2.23245	-11.7412925	2.30989624999999	-3.96652975	-8.94208825	6.05819475	8.405471	15.7127125	1.00001053501802	1.00009455598219	1.00002337810089	1.00012579392464	1.00009668149507	1.00009348194083	1.00009778392579	1.0001268947334	1.00010114362363	52690.5459721362	38155.9055717938	51794.7985173391	36716.0578464783	63352.0264445736	34259.0690469681	37182.2812346839	35895.8933491599	33898.3984780081	58004.6369650413	55096.096953624	56838.4519475997	48037.9540429049	69029.0215720688	49794.3428735414	53936.1231845812	47002.3431198144	48388.2518259338	no	yes	no	yes	no	no	yes	yes	no	0.3979	0.6021000000000001
Raro Matai + Nia Matai	1.0000649445524696	43093.26536000552	54092.158420339874	4.327272727272727	4.327272727272727	0.2003	0.7997	0.7997	35.4732298551724	-3.25695011652971	-19.2745043651724	-6.2403394934655	-4.57162608413793	-15.1350918706897	2.51197845254055	1.77372263900804	12.2762745717241	6.25875493176577	2.61951051277339	4.00211176246965	4.6875612901595	0.314151121972544	2.9261423157371	1.85858914270438	3.22945992188576	1.99202362237664	11.5931	-15.2172	-40.3108	-25.4254	-6.03574	-28.6047	-4.97081	-13.2145	4.63577	66.7888	7.58697	-3.68556	14.0441	-3.33881	-3.70472	11.4456	15.418	20.7586	no	yes	no	yes	no	no	yes	yes	no	35.4662332431034	-3.26417680857182	-19.2662504141379	-6.22956769168086	-4.571155955	-15.1324213025862	2.51556647802459	1.76507840184878	12.2747864543103	6.2406586601496	2.61375705200497	3.99009322636763	4.68283832959217	0.313642171814209	2.9230956763971	1.85424988227149	3.22643702027033	1.99070886549754	23.5606775	-8.43739975	-27.603495	-15.1152025	-5.19907025	-20.9625075	-1.08116	-4.72387525	8.48819975	48.1538175	1.81074425	-11.9252975	3.23713524999999	-3.96687925	-9.536614	6.214999	7.913225	16.2690025	1.00006745954776	1.00006909274456	1.00005869850115	1.00010588454091	1.00004791525613	1.00003488175954	1.00006954350195	1.00010114780719	1.00002987731303	51304.6535680882	37847.502219084	50230.853671717	37653.1568655276	63852.7079564016	36841.7827152543	36368.7592029325	37137.6607354255	36602.311305619	56972.3089206911	55050.6639092645	55703.9507142591	46900.1558124604	67780.3104246807	51693.5641811494	54282.3479992534	46799.2138072177	51646.9100140824	no	yes	no	yes	no	no	yes	yes	no	0.2003	0.7997
Rarotonga	1.0000507386469355	43943.33560273709	55052.72359358067	4.327272727272727	4.327272727272727	0.5596	0.4404	0.4404	35.2308485793103	-3.12057628955745	-19.1510699962069	-6.78746358311131	-4.56310875465517	-14.6806380531034	2.45235690749612	2.19386207241622	11.9142754498276	6.16602225491811	2.61374756107505	3.92482615597964	4.62125822436649	0.312777571919486	2.87547277821911	1.84502658999731	3.1618291380489	1.94059373409994	10.6457	-14.285	-38.5783	-24.4261	-5.78485	-27.6054	-4.51019	-12.2089	4.61947	62.0263	7.2378	-4.96157	14.6691	-3.34225	-3.342	10.7752	14.1064	20.5308	no	yes	no	yes	no	no	yes	yes	no	35.2374201318965	-3.13574685885818	-19.1580420962069	-6.73562872670607	-4.56339281775862	-14.7234756228448	2.46537283744743	2.15569330216726	11.9447474928448	6.19413994812929	2.62191403828467	3.9476057788354	4.63801531363844	0.31314393968789	2.88827113104974	1.85025083974723	3.17622031228925	1.95013365864881	23.41608	-8.3414625	-27.437725	-15.492205	-5.185872	-20.49791	-1.12544575	-4.266756	8.2202295	47.8304275	1.98775375	-11.879885	2.62311174999998	-3.9551895	-9.18559275	6.15431325	8.152501	15.8965075	1.00001451587182	0.999994048225596	1.00001299904359	1.00004962561575	1.00008424201231	1.00011737720529	1.00000488105787	1.00005797308568	1.00012098570452	52813.4519792107	40997.4689750604	52114.8266776226	36583.923642213	64209.0488728314	36451.113225067	39900.5830203865	36230.211132196	36189.3929000461	57691.1937114604	56396.9029453811	57141.9159260999	49454.204072919	70809.6569706983	50459.5598583608	56165.2957032744	47561.4186046235	49794.3645494085	no	yes	no	yes	no	no	yes	yes	no	0.5596	0.4404
Ratak + Ralik	1.0000904702541793	43444.51402729624	54491.92973565279	4.327272727272727	4.327272727272727	1.0171	-0.017099999999999893	0.017099999999999893	35.4155665827586	-3.33242093866496	-19.2521913744828	-6.49023372617291	-4.5518312587931	-14.8478869753448	2.5783332064582	2.00107452506884	12.0189428287931	6.18173970690432	2.60924115671027	3.94594226900893	4.61574545919507	0.315456409914602	2.88720731898831	1.85473498424118	3.16807978650987	1.95350782189991	10.2078	-14.4644	-38.1947	-23.971	-5.97912	-29.4831	-4.62308	-13.0982	4.92005	64.6098	6.97663	-4.82815	15.383	-3.03237	-4.08872	10.674	13.4763	21.8318	no	yes	no	yes	no	no	yes	yes	no	35.4265584232759	-3.33529537964799	-19.2607966500862	-6.48917647497737	-4.55207751965517	-14.8567730405172	2.58099468135869	2.00270182997172	12.0226897765517	6.2188164312289	2.62103501072171	3.96695313002695	4.63794150109384	0.316086119057163	2.88680960121984	1.86294182881581	3.18020106324855	1.95259611545698	23.5764275	-8.52928275	-27.540905	-15.295625	-5.18229075	-20.5677025	-1.0209815	-4.382109	8.30290075	48.0063025	1.75167725	-11.9188975	2.85627375	-3.9382295	-9.30065775	6.28579075	8.0661325	15.92581	1.00012239748053	1.00012666878319	1.00011154897033	1.00009068796818	1.00001214345076	1.0000576906074	1.00011168461008	1.00010379663227	1.00007761378488	50286.7700906229	38993.1620486505	49327.8683614152	37322.0999295287	67840.0975625413	36331.1964355999	38114.6785604527	36689.1971975234	36095.5560593317	59025.3813220814	53755.6782724724	56892.6654439528	48151.2018544715	68887.8916405619	51824.9303117422	53201.3397277986	47964.3319789626	50723.9470688318	no	yes	no	yes	no	no	yes	yes	no	1.0171	-0.017099999999999893
Rekohou	1.000096390649649	45367.31091169936	54983.22809712476	4.327272727272727	4.327272727272727	2.4554	-1.4554	1.4554	36.3400560189655	-3.67354056835295	-19.4670461939655	-6.92052754529815	-4.58499960293103	-14.6225812587931	2.6917069342335	2.18613783525946	11.8532743782759	6.04718736775801	2.59302703653413	3.76636989052491	4.5291717155604	0.317074733189941	2.87405221918151	1.82245750544875	3.09797072479143	1.94341333267439	11.8047	-14.6915	-38.159	-25.6431	-5.92432	-27.5479	-4.28176	-12.7578	4.10735	64.3981	6.34719	-6.32411	16.0694	-3.37117	-3.10879	10.8309	14.9978	20.3166	no	yes	no	yes	no	no	yes	yes	no	36.3299333508621	-3.67509357968468	-19.4663481276724	-6.92042373744893	-4.58357172405172	-14.6138590662931	2.69355389603716	2.18911090059431	11.8469527822414	6.05568353309664	2.59954266367189	3.78235141976212	4.51558748798731	0.315344165455743	2.86458390943348	1.82904197025538	3.09047825206352	1.93701176080145	24.560885	-8.823835	-27.27734	-15.41301	-5.21365025	-20.3709175	-0.829015624999999	-4.096424	8.17291	48.416615	1.38533075	-12.4067975	2.25488475	-3.97647925	-9.14087375	6.34634099999999	8.0467205	15.760615	0.999999608733009	1.00011673126868	1.0000539094883	1.00011277017552	1.00002953647629	1.00010738747399	1.00016636652821	1.00014286582955	1.0001383398733	56262.8026947396	43014.9741077795	55302.3745018998	37748.1601187262	67390.1149387619	35399.201914883	41291.6587230013	36875.3533248739	35021.157880629	63134.611074406	56301.3419436461	60617.6245621446	47534.6867708834	70613.7754698803	47822.543960531	55810.2688883744	46093.7388990067	46920.4613052504	no	yes	no	yes	no	no	yes	yes	no	2.4554	-1.4554
Rimatara	1.0000606996769088	41534.59240202295	51996.26667525362	4.327272727272727	4.327272727272727	0.6624	0.3376	0.3376	35.1151581310345	-3.08774898183254	-19.0717830072414	-6.80693916630955	-4.56377552706897	-14.6223896146552	2.4289874223418	2.21131704446554	11.8721920634483	6.23828155982574	2.67202515203348	3.97917587029987	4.67027348060947	0.311610023701165	2.92189699393092	1.8804420679999	3.19219272744414	1.96828637667179	11.5475	-15.5163	-38.3834	-25.0233	-6.1322	-27.238	-5.42818	-11.8814	3.93063	62.8333	8.8689	-4.78035	14.6841	-3.13023	-3.31125	11.6627	14.8319	20.0345	no	yes	no	yes	no	no	yes	yes	no	35.0839695507759	-3.09286203906461	-19.0544325662069	-6.77599863912257	-4.56223936836207	-14.6276135035345	2.43339209036697	2.1912438244751	11.8757597696552	6.24909409665212	2.66991736726546	3.98077299383638	4.67126266770224	0.312159414124753	2.92535077964501	1.87860361580379	3.19431969547881	1.97101610758791	23.1085975	-8.364206	-27.3212025	-15.5920225	-5.1854205	-20.4758025	-1.194465	-4.28288975	8.09871975	47.6576125	2.0733505	-11.68419	2.7054825	-3.9619495	-8.97231	6.163369	8.2154585	15.842905	1.00005250360638	1.00005647489608	1.000050998011	1.00005615452267	1.00003968565205	1.00009517301974	1.00005251629595	1.00005441139723	1.00008837969109	51652.4670698412	38032.3942217736	51168.9329143198	33531.5749547359	64627.1895772514	32463.027084342	37189.8270338335	32992.9440016282	32152.974760481	56165.233591515	53441.0557867277	56253.9436654161	45088.0173812585	70398.0239936412	45148.2481148831	52211.5067463836	43441.5387598502	45818.8320376072	no	yes	no	yes	no	no	yes	yes	no	0.6624	0.3376
Rotuma	1.0000842236951346	45372.132864474785	55647.83817227425	4.327272727272727	4.327272727272727	0.1173	0.8827	0.8827	35.6768381646552	-3.32900925606493	-19.3657730096552	-6.71523287670507	-4.59609449258621	-14.8566213931034	2.57044592615653	2.15093462912686	12.0100203758621	6.20333626301565	2.62320257595281	3.94789446941191	4.61895793637461	0.312838688791945	2.90637347129368	1.8585498642205	3.15739790769981	1.95690924584448	9.14114	-13.8725	-39.0318	-24.5551	-5.91408	-27.2447	-5.56899	-11.2837	4.34547	64.4403	8.12862	-3.52555	13.2928	-3.34532	-3.36856	10.6953	13.9409	20.7418	no	yes	no	yes	no	no	yes	yes	no	35.7272254349138	-3.34480816456344	-19.3966162659483	-6.7341170431724	-4.59716561853448	-14.8529503408621	2.58037584663039	2.16306596970694	12.0074731803448	6.21981730104266	2.62214140494047	3.96328611058277	4.59719981815926	0.312657352487664	2.88044546071299	1.8550603864324	3.14379499223956	1.93930274757113	23.8879	-8.5449425	-27.6757275	-15.4968125	-5.2162915	-20.602015	-1.0156645	-4.14200425	8.3069645	48.3653075	1.77513825	-12.08389	2.5258495	-3.99295925	-9.31403325	6.27241075	8.1868595	15.905005	1.00007090437987	1.00003198534734	1.00006207647522	1.00012814929518	1.00001089719573	1.00014661614346	1.00002972303516	1.00012754594689	1.00015011543736	52296.5942374542	41610.4701735333	51742.3325477977	39042.460832484	67792.4695356629	38597.2302987532	40564.1708292411	38498.3387924619	38205.1285328846	55376.2663078937	55176.7347351728	55313.3422171165	50691.7187648756	71391.0645473598	54265.5254308712	54799.5620712813	49701.8248613519	54114.5046145455	no	yes	no	yes	no	no	yes	yes	no	0.1173	0.8827
Rurutu	1.0000897197180094	44423.37836394878	54630.61246441509	4.327272727272727	4.327272727272727	0.7172	0.28280000000000005	0.28280000000000005	35.1298711724138	-3.1088601557931	-19.0916183946552	-6.71559933682938	-4.55839823948276	-14.6809183517241	2.43923383000084	2.15377464416298	11.9154259589655	6.19781951914933	2.63036884467268	3.9420397582405	4.61487781642507	0.314564675825009	2.89120325777592	1.85299767163012	3.15926948408004	1.94893391115424	11.2815	-14.1377	-36.989	-23.8769	-6.14554	-26.4443	-4.9374	-11.5663	4.6554	61.7864	7.76395	-5.30101	13.1345	-3.21906	-3.35361	10.2595	14.3686	20.0172	no	yes	no	yes	no	no	yes	yes	no	35.1576769267241	-3.14072890206293	-19.110369335	-6.65979864919474	-4.55807136948276	-14.7232386118966	2.46189621177391	2.11456912436136	11.9440161931897	6.21423307902757	2.64458878539946	3.95499908833962	4.63095985812831	0.31388223373199	2.89261779094143	1.86419523669218	3.17146524655307	1.95159941057181	23.25475	-8.37631775	-27.31451	-15.40265	-5.1827205	-20.5222125	-1.15304475	-4.3035845	8.21869775	47.6689025	2.002232	-11.76718	2.722182	-3.94881975	-9.158481	6.16440425	8.09823475	15.87651	1.00002094926192	1.00007236851001	1.00003965797174	1.00013828351453	1.00000144118339	1.00016821738362	1.0000728950754	1.00013056079169	1.00016310376979	54685.5685038331	41223.6778695075	53778.0823812439	37295.8449173249	64902.5482993186	35727.5597867069	40142.2957462219	36622.8166235836	35432.0111477988	57437.7584952195	55121.0692621098	56464.3934802483	49641.3149016519	71091.6220018726	50022.3014165792	54277.4387400591	48591.5874955257	49028.0263864698	no	yes	no	yes	no	no	yes	yes	no	0.7172	0.28280000000000005
Samoa	1.0000562251610776	42122.847590437	54275.00068102239	4.327272727272727	4.327272727272727	2.8971	-1.8971	1.8971	35.1386810534483	-3.73026892063784	-19.2261895584483	-5.84280700291078	-4.45133413413793	-14.9622137325862	2.91309354849777	1.52748840899024	12.124232	6.21824970890869	2.61942388023879	3.96247626163971	4.67717313133002	0.321454752977914	2.88316664776706	1.8639931192648	3.21247517987422	1.95163973956417	11.444	-15.1609	-42.1437	-23.3859	-5.78442	-29.1291	-6.14855	-11.6879	4.65777	68.3238	8.15597	-4.98652	13.8008	-3.15209	-3.96785	11.2662	13.1445	22.1775	no	yes	no	yes	no	no	yes	yes	no	35.1365523293103	-3.73897396735592	-19.2252038687069	-5.83398627948029	-4.45041546	-14.9607712322414	2.91985214164148	1.51909498855747	12.124691172931	6.23743267775548	2.6252271562331	3.97231481074102	4.66673667354437	0.322070763758078	2.87449925886746	1.86623871719747	3.20470527107371	1.94640183875252	23.1775325	-8.94906275	-27.4871	-14.671105	-5.095791	-20.696825	-0.6647862	-4.95998825	8.413209	47.7570425	1.33333025	-11.8908925	3.58981375	-3.82772975	-9.4337235	6.64590075	7.600745	16.0315025	1.0001114578238	1.00004615095358	1.00009387550021	1.00003798537669	1.00002252204955	1.00006835430873	1.00004624780238	1.0000282309356	1.00005120169916	52097.4630449953	39987.7186628689	51517.523937688	34749.0491341571	57615.4103876158	35314.4089324213	38805.117989627	34233.8701105785	34785.066113981	57811.6402563794	56164.1595409265	56293.0692685995	46608.0612904823	68560.8281960916	50808.3612416707	54416.2474382348	46401.0442271617	51411.594669655	no	yes	no	yes	no	no	yes	yes	no	2.8971	-1.8971
Sorol	1.0000884750502879	42614.18115235837	52835.97870589515	4.327272727272727	4.327272727272727	0.1861	0.8139000000000001	0.8139000000000001	36.212440762069	-4.19360275249631	-19.7823614156897	-5.2065826623463	-4.55559018	-15.9271193003448	3.1995612850445	1.15108411275278	12.6838323575862	6.32901510320906	2.67863947662675	4.03274124363212	4.78305315622162	0.312709915698226	3.00097605873461	1.90403735222177	3.26298993779746	2.01115209324753	11.2323	-15.9408	-40.9842	-23.0129	-5.96106	-27.6853	-4.93513	-14.5389	3.45771	68.1041	7.7919	-5.07877	17.3355	-3.30994	-1.44167	11.4093	13.2825	21.3041	no	yes	no	yes	no	no	yes	yes	no	36.1899303206897	-4.19880630444591	-19.767619122931	-5.16704697682808	-4.55383704413793	-15.9439685541379	3.2022857513538	1.1242934501987	12.6955751172414	6.3275347323774	2.67904140517223	4.03335081360923	4.77126274571373	0.310097172515316	3.00757522434931	1.9053182979655	3.25644296660831	2.01560295855103	24.14696	-9.50620725	-28.21552	-14.178915	-5.16990025	-21.947225	-0.493093475	-5.47741075	8.855863	49.0728	0.993380249999999	-12.3592	4.54995399999999	-3.956219	-10.1813775	6.98969725	7.2912335	16.7507025	1.00000982115689	1.00006956110503	1.00000343445583	1.00011812323411	1.00012325119941	1.00013644165122	1.00007155788158	1.00012566969295	1.00013841507556	51851.992852673	38580.763039293	51077.8966683178	35923.8904273591	64187.2870647026	34669.5746520733	37697.7552327131	35210.0749949422	34328.3954391513	55052.146759659	55034.598390201	53202.0626815071	47731.5556417067	68996.283428417	47535.5469196113	54006.2207452383	48058.45907357	45906.9347131458	no	yes	no	yes	no	no	yes	yes	no	0.1861	0.8139000000000001
Tatakoto + Reao	1.0000810194745584	42728.70198699508	52200.32882034566	4.327272727272727	4.327272727272727	0.6913	0.3087	0.3087	35.4295705586207	-3.27111946654467	-19.2679298851724	-6.59268579494417	-4.55563888431035	-14.8149017718966	2.53722594555469	2.05635138910786	12.0132387753448	6.21249471200265	2.60708976115088	3.96588638984246	4.59765834933205	0.313573943276377	2.86951520983897	1.8468797862806	3.15309180671123	1.94095151766786	10.8249	-16.4539	-38.1202	-23.0964	-6.0851	-26.4098	-6.0175	-11.6107	3.92915	63.0345	8.11136	-3.96574	13.4393	-3.32345	-2.69125	11.9201	13.5756	19.6523	no	yes	no	yes	no	no	yes	yes	no	35.436497062931	-3.26210937966945	-19.2694010593966	-6.60959004444403	-4.55707193327586	-14.8122941261207	2.53014030662918	2.06887632220902	12.0100884114655	6.19735705479087	2.61884008034094	3.95715772458495	4.61340385713739	0.312319298558916	2.88661525946156	1.85703877541924	3.16662903763059	1.95328038902414	23.6297975	-8.44206175	-27.5312025	-15.3286125	-5.17932125	-20.5998225	-1.0555615	-4.33926075	8.29751925	48.015015	1.82287275	-11.9890825	2.73585825	-3.95339	-9.26682875	6.21881775	8.07569125	15.9561075	1.0000203665703	1.0001030163474	1.00002728651028	1.00008967480812	1.00012371883293	1.00008281666861	1.00010014429608	1.00008994459663	1.00009220664067	51184.0540084919	38973.0408096427	49965.7971084182	36567.9991696044	64735.922742604	34796.7663576622	37926.4937612729	35887.2440857919	34520.9998394676	52932.6195888723	53422.1027658206	51403.8182786188	48492.2665363565	68572.2659275849	47868.5578324452	51015.1023537125	47628.4523873757	48467.7737123245	no	yes	no	yes	no	no	yes	yes	no	0.6913	0.3087
Tokelau	1.0001569408187418	43608.73359689674	54211.38232780524	4.327272727272727	4.327272727272727	1.2644	-0.26439999999999997	0.26439999999999997	35.3901551258621	-3.24902468737911	-19.2395638939655	-6.61035419311595	-4.55253232551724	-14.8035009593103	2.53109991033072	2.07843158540462	11.9869821418966	6.18409202191134	2.62066936008504	3.95488643358952	4.58420267520425	0.312365543469078	2.85306726775489	1.85507012091081	3.14329219894566	1.92939587872409	10.0847	-14.8662	-42.8858	-26.3924	-6.00856	-27.4027	-5.00857	-10.9667	4.62335	67.4626	8.05709	-4.58672	13.0969	-3.16622	-3.86458	11.1018	15.4857	21.0166	no	yes	no	yes	no	no	yes	yes	no	35.4108814939655	-3.27845317435974	-19.2556996994828	-6.55604570319143	-4.55101305922414	-14.8420113430172	2.55252053409252	2.0411452017465	12.012715242931	6.19437515651831	2.62384622073475	3.96059138993317	4.60287744711957	0.311715288665583	2.86544287033383	1.85601682716347	3.15716097044271	1.93667983400099	23.70017	-8.4880605	-27.50133	-15.3023075	-5.172031	-20.5765025	-1.0341775	-4.30207725	8.3090775	47.921505	1.81455275	-12.0199975	2.71866325	-3.94781925	-9.30815925	6.250424	8.07811125	15.916005	1.00002123730936	1.00013356182336	1.00001408154821	1.00025558092664	1.00009834878477	1.00023568748319	1.00015444502517	1.00025829201443	1.00024123245355	53107.4924979667	40375.4421601646	52226.2858185751	36733.5632296659	64257.5263440496	35412.7508133704	39256.6331652586	36137.2267125648	34971.681630455	57273.1213689337	54989.1817187932	54862.5352546833	49402.7433147663	68957.0421854428	50650.0013971722	53804.1585491718	48877.3366081365	49086.3205531473	no	yes	no	yes	no	no	yes	yes	no	1.2644	-0.26439999999999997
Tonga	1.0000563666488944	43736.03879768203	54405.419400925566	4.327272727272727	4.327272727272727	4.2903	-3.2903000000000002	3.2903000000000002	34.8545518655172	-3.50528498836106	-18.951691977931	-6.09041208869552	-4.43971460741379	-14.674739172069	2.67054227774334	1.7198014713142	11.9406908644828	6.1554366252105	2.58170210489392	3.92167607629262	4.61087539259926	0.314225463144988	2.86532058048571	1.82791957561175	3.16234248132871	1.94082825692082	11.332	-14.1443	-38.0359	-24.389	-5.75782	-27.6075	-4.33883	-11.6538	3.39048	63.1236	6.9628	-4.58313	13.1318	-2.91743	-1.76294	10.2497	14.0845	20.9396	no	yes	no	yes	no	no	yes	yes	no	34.8473014327586	-3.50095800517628	-18.9463211734483	-6.08741751834038	-4.43930717534483	-14.6783818742241	2.66772503162316	1.718003316279	11.9423714249138	6.10837502405417	2.57599871613404	3.88797447505028	4.59711790540202	0.31548439938067	2.86081870854088	1.82444892712133	3.15120508027557	1.9346459990496	23.1954475	-8.594032	-27.0553075	-14.850405	-5.07161325	-20.3739075	-0.863383324999999	-4.61294875	8.258019	47.2134275	1.51663899999999	-11.7895825	3.16143524999999	-3.83117875	-9.180788	6.27707	7.73226675	15.8282075	1.00005953200939	1.00006014508979	1.00005215391282	1.00006294572764	1.0000463387743	1.00002684719388	1.00008830419937	1.00007834711647	1.0000326858164	51647.159207068	37795.6934566264	50386.5814491239	38443.0118612308	67531.3812718141	36759.4351556068	36947.2283635308	37663.8234220801	36450.0349920573	57278.3352359659	53688.9530936069	56870.2860837986	51236.1987540483	69120.8212560515	50035.9651614137	52489.1512048743	49360.5219405845	49568.5418779863	no	yes	no	yes	no	no	yes	yes	no	4.2903	-3.2903000000000002
Tuamotu + Puka-puka	1.0000810170338783	41972.0498597632	53388.30044308803	4.327272727272727	4.327272727272727	2.4423	-1.4423	1.4423	35.4864747910345	-3.04418326089624	-19.2392977965517	-7.99573252408021	-4.58801668534483	-13.8701023831724	2.40189406926536	3.11069307768467	11.2396669303448	6.14824034576499	2.61392819053486	3.90184361085247	5.01548968457498	0.314027720787839	3.17621990472009	1.84180876341899	3.4716100310028	2.21866862853972	9.76458	-13.5193	-38.419	-25.9796	-5.87837	-27.4543	-4.68353	-12.044	2.15853	64.8793	7.34518	-4.41997	14.1396	-3.25208	-0.585514	9.94004	16.0057	20.5462	no	yes	no	yes	no	no	yes	yes	no	35.5163674791379	-3.05725350604589	-19.2572345550862	-8.00180133781522	-4.5881294612931	-13.8723414370172	2.41080894774717	3.11476420613313	11.2399114348276	6.13955998192989	2.62396704325191	3.89610320487706	5.02757179633643	0.313757683035683	3.17845671865668	1.84837338518596	3.48281962884274	2.22014743851423	23.7840725	-8.2625965	-27.4204125	-17.6038075	-5.21347025	-20.1643175	-1.170364	-3.8795305	6.94197125	48.00455	2.03701874999999	-12.08125	2.083655	-3.9786085	-7.66268725	6.09915625	9.75283799999999	15.6657	0.999998603859635	1.0000783248654	0.999998530840762	1.00012967442228	1.00001122300977	1.00015517575244	1.00007215449866	1.00013840899004	1.00014705706592	55382.8280781639	36863.8577047765	54011.9734484556	34224.1243538329	62204.3875550898	32934.2687097011	36063.254496098	33439.5566995847	32624.1976921665	57476.573269011	53322.0077643611	55889.4954179448	47807.2146584063	67997.2167745441	49031.6545797644	52544.8753049331	47635.1133786006	48790.5528402268	no	yes	no	yes	no	no	yes	yes	no	2.4423	-1.4423
Tungaru	1.0000559125514787	44625.22859196442	54318.740776102226	4.327272727272727	4.327272727272727	5.381	-4.381	4.381	35.8311395258621	-3.59030484713591	-19.8789255505172	-7.40122106345586	-4.4969163962069	-14.2381916475862	2.88649648065461	2.89827425344102	11.409509605	6.44427123489635	2.62832484757547	4.16769057349028	4.55274213718997	0.305804766301476	2.82804581720324	1.86577322909836	3.10817458753227	1.88693952687422	11.0588	-14.1195	-42.9811	-25.758	-5.9122	-26.5177	-4.39662	-11.8178	3.92872	68.7228	6.61503	-5.04351	14.4223	-3.14914	-2.43715	10.4613	15.6377	20.3792	no	yes	no	yes	no	no	yes	yes	no	35.844137962931	-3.59242628279528	-19.8851013390517	-7.41123659038883	-4.4980795037931	-14.2345203680172	2.88815260270153	2.90374211774313	11.4071169476724	6.45468327376829	2.62968973872294	4.17511527738558	4.55386797568718	0.307102068011143	2.81463691423629	1.86657982348505	3.10691853585337	1.87918210388008	23.5294975	-8.8141615	-28.608935	-16.0641	-5.1110705	-19.875705	-0.709641374999999	-3.34318175	7.81283025	48.867485	1.50683825	-12.2347975	1.79139624999999	-3.90845975	-8.82725475	6.6050915	8.838865	15.2034025	1.00002351035711	1.00004576323895	1.00002069447145	1.00004311166809	1.00004502834917	1.00012360273129	1.00003188048706	1.0000500924525	1.00011952920769	51886.5347647846	42333.2262218611	51208.9120054969	37550.7348049738	67416.1351513207	36613.8027335325	41335.511156905	37083.513834429	36198.686654376	56198.2780856344	57320.9159026313	54855.1792145752	48043.4879931317	71509.2030829737	48882.9300901317	56513.5133666085	47144.8990389124	48400.2602103211	no	yes	no	yes	no	no	yes	yes	no	5.381	-4.381
Tupuai	1.000074097257249	42271.78915861019	52077.797914503404	4.327272727272727	4.327272727272727	0.871	0.129	0.129	35.287960947931	-3.25325305727555	-19.1865880315517	-6.54321552284371	-4.55407334844828	-14.803530115	2.53309684591531	2.03995791449288	11.9908619537931	6.32002174209849	2.67918857032809	4.02450350933035	4.64275077810656	0.310985782741781	2.91452875151889	1.88576203768487	3.18328540241492	1.9650578082166	9.94518	-14.8704	-38.9435	-25.2527	-5.92726	-28.1711	-5.03199	-13.3908	4.1754	64.5618	7.00219	-4.34816	15.7274	-3.33661	-2.97485	10.9028	15.719	21.1264	no	yes	no	yes	no	no	yes	yes	no	35.3042679224138	-3.24863073823199	-19.1990980877586	-6.56957830721702	-4.55472331732759	-14.7949427212931	2.530590957925	2.05850055963508	11.9848847186207	6.30091657631578	2.65969266851637	4.0097692549798	4.6209376838019	0.310623700344634	2.89682662656696	1.87189028428148	3.16659955323032	1.95440952568114	23.258755	-8.52039225	-27.556625	-15.347005	-5.17445025	-20.62753	-1.07427075	-4.33726075	8.241938	48.0934275	1.91282699999999	-11.799495	2.768744	-3.95801975	-9.20218975	6.260395	8.09117125	15.9375	1.0000516895995	1.00010553788138	1.00003871930483	1.0000571098293	1.00009811159643	1.00007067053442	1.00011302951556	1.00005888765412	1.00007311939971	50399.8050325267	37615.7552725864	49444.5073242625	36380.6158196137	66046.7235174962	34396.6755955213	36512.0600271715	35622.7984530977	34027.1613852157	56615.9134384782	53402.9623332684	54007.1593461132	48210.4148530543	68715.7436366809	44595.5929334894	52472.6689755431	46259.4555305897	44420.2701833134	no	yes	no	yes	no	no	yes	yes	no	0.871	0.129
Tureia	1.0000596085955125	42923.720108722955	54910.853024459626	4.327272727272727	4.327272727272727	1.0017	-0.0017000000000000348	0.0017000000000000348	35.394165575	-3.33989663804761	-19.253070842931	-6.42403916875892	-4.5499651837931	-14.8939031193103	2.58693187101581	1.96056233793916	12.0505851637931	6.24605483367208	2.62823068560897	3.98012426529474	4.62555832689363	0.312649526013134	2.88575259670615	1.85717498386827	3.16817050996226	1.94631726528974	6.78169	-14.8642	-40.3159	-23.1604	-6.00755	-27.2441	-5.14886	-14.4741	4.31591	65.6149	8.14188	-2.24212	18.4557	-3.27053	-3.32248	11.6059	13.7242	20.2446	no	yes	no	yes	no	no	yes	yes	no	35.4176296277586	-3.33371706140397	-19.2635368247414	-6.47086488333077	-4.55148064181035	-14.8717456216379	2.58130907383524	1.99342672819429	12.0332456462069	6.23354922522092	2.61909482961023	3.9701941428217	4.59922474946529	0.311876475528966	2.8784467127658	1.85135925745035	3.15004595812124	1.94149802496763	23.474195	-8.4917455	-27.5407075	-15.173705	-5.16681375	-20.598615	-1.00900125	-4.340012	8.329619	48.0696175	1.77329275	-11.9297925	2.8287525	-3.9456495	-9.36000725	6.25000225	7.98384574999999	15.9258025	1.00003410017997	1.00005213430863	1.0000290854206	1.0001014700584	0.999989152212141	1.00008658638213	1.00004018415351	1.00010509229322	1.00009867235102	51448.7906429575	39662.6884147267	50663.2557743388	36072.3026074543	67172.2846211785	33933.0871945606	38646.0424981042	35140.0488533903	33574.9803717957	56870.3839799502	55596.3672251971	55389.1230361604	50032.7799774997	71793.3385155502	51609.4836210689	53648.7081725656	49570.8091809408	49686.6835112038	no	yes	no	yes	no	no	yes	yes	no	1.0017	-0.0017000000000000348
Tuvalu_31	1.0000990338543576	42633.65067408846	52835.04721768783	4.327272727272727	4.327272727272727	1.6315	-0.6315	0.6315	35.360982022931	-3.26073369392558	-19.2349991637931	-6.6226464511489	-4.5450328287931	-14.7883724817241	2.56709068303324	2.06511401782409	11.9770788358621	6.17806249887301	2.5752887819762	3.94325266420433	4.586026670007	0.310762853364499	2.84986255996729	1.82266335844808	3.14271161710931	1.92658946180413	9.57623	-13.4354	-39.9671	-24.4644	-5.85977	-31.4027	-5.22622	-14.8912	4.50488	66.4883	7.087	-3.13265	18.6133	-3.3116	-3.54157	9.84622	13.9907	23.4879	no	yes	no	yes	no	no	yes	yes	no	35.3331529350862	-3.26079531213634	-19.2158621414655	-6.59981329577321	-4.54424353198276	-14.793501397069	2.56706549471444	2.0505875557176	11.9794808175862	6.18204835469535	2.58589630508834	3.94373751624522	4.59277858221643	0.31066860451395	2.850407206805	1.83100317595768	3.14721330807976	1.92656617477404	23.5288775	-8.38440375	-27.4224275	-15.3326275	-5.160492	-20.4956025	-0.979291274999999	-4.27258075	8.304354	47.824315	1.7517875	-11.9293975	2.64606974999999	-3.94469	-9.3061585	6.21467225	8.069183	15.862125	1.00016269632982	1.00014073620661	1.00017599734044	1.00008453293249	1.00001603777014	1.0000614639586	1.000113243372	1.00008537435433	1.00005122242478	50547.269670948	37836.1866191556	49561.1364404853	37228.491321109	65033.3507065833	34996.1881806756	36967.63883151	36620.9365322235	34911.6577641058	54444.1340738471	53531.3458027778	53293.6852527262	47453.2836052697	69743.3418748206	49618.6513163191	52264.116557075	47075.1320900656	48091.7343862894	no	yes	no	yes	no	no	yes	yes	no	1.6315	-0.6315
Tuvalu_32	1.0000990338543576	42633.65067408846	52835.04721768783	4.327272727272727	4.327272727272727	1.6349	-0.6349	0.6349	35.360982022931	-3.26073369392558	-19.2349991637931	-6.6226464511489	-4.5450328287931	-14.7883724817241	2.56709068303324	2.06511401782409	11.9770788358621	6.17806249887301	2.5752887819762	3.94325266420433	4.586026670007	0.310762853364499	2.84986255996729	1.82266335844808	3.14271161710931	1.92658946180413	9.57623	-13.4354	-39.9671	-24.4644	-5.85977	-31.4027	-5.22622	-14.8912	4.50488	66.4883	7.087	-3.13265	18.6133	-3.3116	-3.54157	9.84622	13.9907	23.4879	no	yes	no	yes	no	no	yes	yes	no	35.3331529350862	-3.26079531213634	-19.2158621414655	-6.59981329577321	-4.54424353198276	-14.793501397069	2.56706549471444	2.0505875557176	11.9794808175862	6.18204835469535	2.58589630508834	3.94373751624522	4.59277858221643	0.31066860451395	2.850407206805	1.83100317595768	3.14721330807976	1.92656617477404	23.5288775	-8.38440375	-27.4224275	-15.3326275	-5.160492	-20.4956025	-0.979291274999999	-4.27258075	8.304354	47.824315	1.7517875	-11.9293975	2.64606974999999	-3.94469	-9.3061585	6.21467225	8.069183	15.862125	1.00016269632982	1.00014073620661	1.00017599734044	1.00008453293249	1.00001603777014	1.0000614639586	1.000113243372	1.00008537435433	1.00005122242478	50547.269670948	37836.1866191556	49561.1364404853	37228.491321109	65033.3507065833	34996.1881806756	36967.63883151	36620.9365322235	34911.6577641058	54444.1340738471	53531.3458027778	53293.6852527262	47453.2836052697	69743.3418748206	49618.6513163191	52264.116557075	47075.1320900656	48091.7343862894	no	yes	no	yes	no	no	yes	yes	no	1.6349	-0.6349
Uvea (Wallis)	1.0000624768684396	42890.27159089156	52876.69166468181	4.327272727272727	4.327272727272727	0.5644	0.4356	0.4356	35.6923132343103	-3.37523462134422	-19.4243437268966	-6.51945036108637	-4.56712658189655	-15.0071953560345	2.61379587000286	2.02892778275267	12.106830792931	6.26306749129219	2.62108920575622	3.99605261116278	4.65082999651516	0.314209961327044	2.92028996262276	1.8582683326612	3.18837208264647	1.96569460948617	7.54849	-15.5073	-38.4831	-25.4687	-6.02847	-28.1344	-4.45692	-12.5438	4.20866	63.689	6.61012	-3.76367	14.6456	-3.41584	-3.1875	11.1268	15.3288	20.6315	no	yes	no	yes	no	no	yes	yes	no	35.7108246602586	-3.38846873107902	-19.4388083156897	-6.50870228045277	-4.56647632051724	-15.0202006662069	2.62522750575234	2.02137204773217	12.1143679487931	6.28474040943884	2.62451768473417	4.01048122108269	4.65323418925037	0.313834086881544	2.91698167149525	1.86067615182912	3.18699590523586	1.96306292116622	23.656995	-8.5699205	-27.750005	-15.3032025	-5.1910915	-20.853605	-0.96533055	-4.4059705	8.348789	48.362805	1.71387525	-12.0063975	2.92560374999999	-3.96100975	-9.387491	6.31106625	8.0952125	16.062405	1.00008523519867	1.0000672087986	1.00010808172155	1.00006206612463	1.00002100388465	1.00003488162597	1.00008036309576	1.0000689997482	1.00003445161793	51925.9919606292	38060.1462255469	50937.951298815	36727.1426910209	65581.2931073987	35082.9890091305	36958.5274067723	35962.6605398633	34775.742078847	56820.3749294532	53849.6499873055	56008.8348929462	47864.3553840211	68168.3103028355	47810.8638128043	52622.9684385106	45931.4153422403	46813.4518920197	no	yes	no	yes	no	no	yes	yes	no	0.5644	0.4356
NONE	1.0000627986839343	43184.255823334686	52831.34862446777	4.267857142857143	4.267857142857143	0.0566	0.9434	0.9434	35.3916506537931	-3.32231594084522	-19.2357628056897	-6.48007341288352	-4.55104837913793	-14.8535016927586	2.56958783491128	1.99435467294909	12.0235716465517	6.21792681470017	2.62237522461187	3.97219578026741	4.61627193314418	0.312175763609472	2.8821163157339	1.85985806817033	3.16521066382192	1.94723797331195	8.40022	-15.6625	-39.0196	-24.4989	-5.94382	-28.2189	-5.91897	-12.6024	4.48533	63.7167	8.39559	-3.79865	16.386	-3.17796	-3.60226	11.3163	14.727	21.0785	no	yes	no	yes	no	no	yes	yes	no	35.3766813208621	-3.31056572563638	-19.2278193488793	-6.49006207877053	-4.55147595905172	-14.8461687075862	2.56216457033795	2.00297340711314	12.0179183671552	6.20503339953681	2.62097938123686	3.96222500744353	4.63791622556824	0.312441478963411	2.89697944490313	1.85859291672266	3.1794872002081	1.95713472242972	23.63318	-8.5028575	-27.485515	-15.322205	-5.17344125	-20.643905	-1.032594	-4.408503	8.3062215	48.0408	1.7936965	-11.9879725	2.9109985	-3.9514485	-9.3331245	6.2753245	8.08583075	15.93932	0.999998982051941	1.00006533391362	1.0000032199983	1.00009470665259	1.00008281166524	1.0000797056253	1.00005790691671	1.00010106915292	1.00008145217878	50647.504540859	38531.7366537412	49502.2375368632	38377.1106405755	63617.6150350836	36393.5033970447	37669.1654582895	37762.0713566513	36157.3577909042	53667.694178514	51862.0353951631	53572.2184596024	49292.4548041104	67997.1522327594	49922.7890048935	50726.9799741865	49232.9182352457	49207.8953357349	no	yes	no	yes	no	no	yes	yes	no	4.269203571428571	-0.0013464285714286273
